时间,成交编号,成交代码,委托代码,BS标志,成交价格,成交数量,叫卖序号,叫买序号
93000010,547013,C,0, ,0,600,0,397789
93000020,549207,C,0, ,0,800,0,257527
93000020,549661,C,0, ,0,5000,0,400666
93000020,549662,C,0, ,0,7500,0,275102
93000030,552181,C,0, ,0,11000,0,308264
93000030,556906,C,0, ,0,400,0,434810
93000030,557839,C,0, ,0,1000,0,256383
93000030,558942,0,0,B,122500,200,5262,558941
93000030,558943,0,0,B,122500,200,153035,558941
93000030,558944,0,0,B,122500,300,404743,558941
93000030,558945,0,0,B,122500,900,548926,558941
93000040,562106,C,0, ,0,400,0,377129
93000040,562234,0,0,B,122500,500,548926,562233
93000040,562235,0,0,B,122500,200,557129,562233
93000040,563421,C,0, ,0,400,0,386035
93000040,563855,0,0,S,122500,400,563854,562233
93000040,564299,C,0, ,0,100,0,393587
93000040,565436,C,0, ,0,10000,0,408948
93000040,565797,0,0,S,122500,800,565796,562233
93000040,566574,C,0, ,0,100,0,421518
93000040,567491,0,0,S,122500,200,567490,562233
93000040,568557,0,0,S,122500,400,568556,562233
93000040,569979,C,0, ,0,200,0,394259
93000040,570826,C,0, ,0,2500,0,232409
93000050,574031,0,0,B,122600,100,13428,574030
93000050,574032,0,0,B,122600,100,20106,574030
93000050,574033,0,0,B,122600,200,76697,574030
93000050,574034,0,0,B,122600,100,80866,574030
93000050,574035,0,0,B,122600,500,161286,574030
93000050,574970,C,0, ,0,15200,0,288388
93000050,577910,0,0,B,122600,500,161286,577909
93000050,577911,0,0,B,122600,500,198655,577909
93000060,584394,0,0,B,122600,500,198655,584393
93000060,584395,0,0,B,122600,100,221722,584393
93000060,584396,0,0,B,122700,2500,282198,584393
93000060,584397,0,0,B,122700,800,411946,584393
93000060,584398,0,0,B,122700,2900,569962,584393
93000060,584399,0,0,B,122800,2100,329344,584393
93000060,584400,0,0,B,122900,1300,346249,584393
93000060,584401,0,0,B,122900,900,422931,584393
93000060,584402,0,0,B,123000,2000,247244,584393
93000060,584403,0,0,B,123000,2000,396421,584393
93000060,584404,0,0,B,123000,500,457296,584393
93000060,584831,C,0, ,0,500,0,394520
93000060,585952,C,0, ,0,11300,0,402631
93000060,586347,0,0,S,123000,200,586346,584393
93000060,586436,C,0, ,0,700,0,267250
93000060,586856,C,0, ,0,1000,0,347441
93000060,587613,C,0, ,0,5000,0,448821
93000070,593339,C,0, ,0,400,0,309066
93000080,594397,C,0, ,0,100,0,353084
93000080,595479,C,0, ,0,500,0,405577
93000080,595694,C,0, ,0,1600,0,420238
93000080,595783,C,0, ,0,800,586346,0
93000090,602559,C,0, ,0,2100,0,451218
93000090,602560,C,0, ,0,2100,0,418930
93000090,605060,0,0,S,122500,1000,605059,562233
93000100,606829,0,0,S,122500,200,606828,573522
93000100,606830,0,0,S,122200,500,606828,578220
93000100,606831,0,0,S,122200,400,606828,587461
93000100,606832,0,0,S,122100,300,606828,546715
93000100,606833,0,0,S,122100,300,606828,546912
93000100,606834,0,0,S,122100,400,606828,548610
93000100,606835,0,0,S,122100,500,606828,549868
93000100,606836,0,0,S,122100,600,606828,549871
93000100,606837,0,0,S,122100,300,606828,549878
93000100,607635,0,0,S,122100,200,607634,549878
93000100,611950,C,0, ,0,12900,329159,0
93000110,613253,C,0, ,0,1500,0,277551
93000110,615093,C,0, ,0,500,0,343331
93000110,615920,0,0,S,122500,1000,615919,609277
93000110,615921,0,0,S,122500,100,615919,613429
93000110,616288,0,0,B,122500,700,615919,616287
93000110,616337,C,0, ,0,100,0,377001
93000110,616714,C,0, ,0,100,0,428274
93000110,617300,0,0,B,122500,400,615919,617299
93000110,618448,0,0,S,122100,400,618447,549878
93000110,618449,0,0,S,122100,600,618447,550760
93000110,618818,C,0, ,0,200,0,383103
93000120,619327,C,0, ,0,1000,0,403165
93000120,620152,C,0, ,0,4400,0,337627
93000120,620986,C,0, ,0,2000,0,433779
93000120,621774,0,0,S,122100,600,621773,550760
93000120,621775,0,0,S,122100,100,621773,551819
93000120,621776,0,0,S,122100,400,621773,554711
93000120,621777,0,0,S,122100,400,621773,559683
93000120,621778,0,0,S,122100,300,621773,563200
93000120,621779,0,0,S,122100,200,621773,566894
93000120,623742,0,0,B,122200,200,618105,623741
93000130,624577,C,0, ,0,7400,0,381242
93000130,626170,C,0, ,0,400,0,237785
93000130,626747,C,0, ,0,600,0,337472
93000130,628743,C,0, ,0,2000,0,325051
93000140,631409,0,0,B,122200,800,618105,631408
93000140,631410,0,0,B,122400,1400,620253,631408
93000140,631411,0,0,B,122400,500,620292,631408
93000140,631412,0,0,B,122400,300,620330,631408
93000140,632424,C,0, ,0,1000,0,355957
93000140,633458,C,0, ,0,2000,0,263859
93000140,634611,0,0,B,122400,2000,620330,634610
93000150,637144,C,0, ,0,1500,56841,0
93000150,639103,C,0, ,0,100,0,307366
93000150,639115,C,0, ,0,2900,0,340159
93000160,643079,0,0,S,122100,500,643078,572662
93000160,643629,0,0,S,122100,1000,643628,572662
93000160,643630,0,0,S,122100,200,643628,581533
93000160,643631,0,0,S,122100,1500,643628,595952
93000170,645285,0,0,B,122400,300,626108,645284
93000170,645286,0,0,B,122400,1400,630933,645284
93000170,646623,C,0, ,0,900,0,352384
93000180,649436,0,0,B,122400,100,630933,649435
93000180,649870,0,0,S,122200,900,649869,646760
93000180,649871,0,0,S,122100,600,649869,595952
93000180,652157,0,0,B,122400,1700,630933,652156
93000180,652158,0,0,B,122500,1300,615919,652156
93000190,654316,0,0,B,122500,1800,615919,654315
93000190,654353,C,0, ,0,2000,0,401360
93000190,656478,C,0, ,0,1700,0,332591
93000200,656651,C,0, ,0,500,0,367257
93000210,661558,C,0, ,0,600,0,392175
93000210,662015,C,0, ,0,2000,0,399163
93000210,663155,0,0,B,122500,1700,615919,663154
93000220,666287,C,0, ,0,1500,0,405409
93000230,669115,0,0,S,122100,1600,669114,595952
93000240,670046,0,0,B,122500,600,615919,670045
93000250,674094,0,0,B,122500,200,615919,674093
93000250,674613,C,0, ,0,1700,0,252810
93000250,675027,0,0,S,122200,200,675026,674124
93000260,676102,C,0, ,0,1100,47819,0
93000260,676937,C,0, ,0,1000,0,377883
93000260,676986,0,0,S,122200,500,676985,674124
93000290,682002,0,0,B,122400,100,675178,682001
93000290,682003,0,0,B,122500,300,615919,682001
93000290,683145,0,0,B,122500,3900,615919,683144
93000290,683146,0,0,B,122500,800,626950,683144
93000290,683147,0,0,B,122500,2700,660122,683144
93000320,689027,0,0,S,122500,2600,689026,683144
93000320,689028,0,0,S,122200,300,689026,674124
93000320,689029,0,0,S,122100,400,689026,595952
93000320,689030,0,0,S,122100,9300,689026,621564
93000320,689031,0,0,S,122100,6000,689026,649386
93000320,689032,0,0,S,122100,1000,689026,652249
93000320,689033,0,0,S,122000,3100,689026,371971
93000320,689034,0,0,S,122000,3000,689026,429359
93000320,689035,0,0,S,122000,2400,689026,588555
93000350,697014,C,0, ,0,900,0,377989
93000370,699744,C,0, ,0,600,0,305079
93000370,700796,0,0,S,122100,100,700795,689754
93000370,700797,0,0,S,122000,1200,700795,588555
93000380,701804,C,0, ,0,10000,0,371854
93000410,707968,0,0,S,122000,1200,707967,588555
93000410,708375,0,0,S,122000,1200,708374,588555
93000410,708376,0,0,S,122000,500,708374,591584
93000410,708377,0,0,S,122000,300,708374,626340
93000410,708378,0,0,S,122000,1000,708374,631252
93000410,708379,0,0,S,122000,100,708374,632623
93000410,708380,0,0,S,122000,700,708374,640738
93000410,708381,0,0,S,122000,900,708374,646324
93000410,708863,C,0, ,0,700,0,645227
93000420,709043,0,0,B,122600,2000,597205,709042
93000420,709044,0,0,B,122600,15000,631234,709042
93000460,716757,0,0,S,122600,500,716756,709042
93000510,726022,0,0,S,122600,1000,726021,709042
93000510,726237,0,0,S,122600,400,726236,709042
93000510,726256,0,0,S,122600,8200,726255,709042
93000510,726721,C,0, ,0,4100,0,121640
93000520,726952,0,0,S,122600,2900,726951,709042
93000520,726953,0,0,S,122500,1000,726951,718683
93000540,731720,0,0,B,122700,400,631275,731719
93000550,732129,0,0,B,122700,1000,631275,732128
93000550,732294,0,0,S,122500,2800,732293,718683
93000550,732295,0,0,S,122500,200,732293,729714
93000580,738689,0,0,S,122600,800,738688,736912
93000580,739317,0,0,S,122600,100,739316,736912
93000590,741750,0,0,S,122600,300,741749,736912
93000600,744678,0,0,S,122600,200,744677,736912
93000610,745326,C,0, ,0,500,0,316133
93000610,746495,C,0, ,0,10000,0,742671
93000620,748035,0,0,S,122600,300,748034,736912
93000620,748036,0,0,S,122600,500,748034,740462
93000620,748037,0,0,S,122500,4200,748034,729714
93000640,750200,C,0, ,0,4000,0,411369
93000650,752677,0,0,S,122500,300,752676,729714
93000660,753819,0,0,S,122500,300,753818,729714
93000660,753820,0,0,S,122500,700,753818,730324
93000670,755512,0,0,S,122500,1000,755511,730324
93000670,755513,0,0,S,122500,700,755511,732779
93000700,760573,0,0,S,122500,200,760572,732779
93000710,762543,0,0,S,122500,1000,762542,732779
93000710,762544,0,0,S,122500,300,762542,738130
93000710,763116,0,0,S,122500,200,763115,738130
93000710,763117,0,0,S,122500,200,763115,740248
93000760,769937,C,0, ,0,3600,0,658088
93000770,772012,0,0,S,122500,600,772011,740248
93000770,772658,0,0,S,122500,100,772657,740248
93000780,773487,C,0, ,0,3100,288514,0
93000830,782837,0,0,S,122500,2400,782836,740248
93000860,788033,C,0, ,0,2000,0,155948
93000870,790058,C,0, ,0,100,0,343728
93000900,794208,0,0,S,122600,400,794207,786172
93000900,794313,C,0, ,0,1800,0,275883
93000900,795087,C,0, ,0,1000,33075,0
93000900,795265,C,0, ,0,7900,0,370671
93000910,796328,C,0, ,0,1000,0,238142
93000940,800546,0,0,S,122600,100,800545,786172
93000940,801653,0,0,S,122500,700,801652,740248
93000940,801654,0,0,S,122500,300,801652,752453
93000940,801655,0,0,S,122500,300,801652,764305
93000940,801656,0,0,S,122500,500,801652,769592
93000940,801657,0,0,S,122500,200,801652,785892
93000950,802629,0,0,S,122500,800,802628,785892
93000950,802630,0,0,S,122500,500,802628,799529
93000970,804717,0,0,S,122500,1500,804716,799529
93000970,804718,0,0,S,122400,100,804716,711924
93000980,806460,0,0,S,122400,100,806459,711924
93000990,807194,C,0, ,0,600,0,297290
93000990,807469,C,0, ,0,400,0,385580
93000990,807642,C,0, ,0,1000,0,98954
93001030,813178,0,0,S,122500,200,813177,807989
93001030,813179,0,0,S,122400,1200,813177,711924
93001050,817152,0,0,S,122400,400,817151,711924
93001060,818993,0,0,B,122600,200,812747,818992
93001140,829174,0,0,S,122400,400,829173,711924
93001140,829175,0,0,S,122200,2100,829173,734346
93001140,829176,0,0,S,122200,100,829173,782568
93001140,829177,0,0,S,122200,100,829173,800563
93001140,829178,0,0,S,122200,500,829173,805827
93001140,829179,0,0,S,122100,1000,829173,709899
93001140,829180,0,0,S,122100,5000,829173,720339
93001140,829181,0,0,S,122100,2000,829173,726168
93001140,829182,0,0,S,122100,200,829173,764581
93001140,829183,0,0,S,122100,100,829173,770210
93001140,829184,0,0,S,122100,900,829173,786963
93001140,829185,0,0,S,122100,2700,829173,793868
93001140,829186,0,0,S,122100,600,829173,794181
93001140,829187,0,0,S,122100,4000,829173,797280
93001140,829188,0,0,S,122100,200,829173,803575
93001140,829189,0,0,S,122100,100,829173,812990
93001210,836405,0,0,B,122500,400,831816,836404
93001260,840899,0,0,B,122500,500,831816,840898
93001410,853763,0,0,S,122100,100,853762,812990
93001410,853764,0,0,S,122100,100,853762,818392
93001430,855067,0,0,S,122100,300,855066,818392
93001490,860290,0,0,B,122300,700,841392,860289
93001490,860516,0,0,B,122300,800,841607,860515
93001500,860810,0,0,S,122100,200,860809,818392
93001510,861734,C,0, ,0,20000,0,256508
93001510,861821,0,0,B,122300,200,841607,861820
93001530,863460,C,0, ,0,1600,0,426555
93001600,868436,C,0, ,0,3000,0,330931
93001600,868753,0,0,B,122300,200,841607,868752
93001610,869312,C,0, ,0,27500,0,198614
93001610,869327,C,0, ,0,27000,0,198611
93001620,870097,0,0,S,122100,400,870096,818392
93001620,870098,0,0,S,122100,100,870096,848281
93001620,870175,C,0, ,0,500,0,866903
93001740,880690,0,0,B,122300,2700,841607,880689
93001740,880691,0,0,B,122400,300,857124,880689
93001740,880692,0,0,B,122400,200,861088,880689
93001740,880693,0,0,B,122500,2700,831816,880689
93001740,880694,0,0,B,122500,100,857030,880689
93001740,880695,0,0,B,122500,100,857245,880689
93001740,880696,0,0,B,122600,100,812747,880689
93001740,880697,0,0,B,122700,700,631275,880689
93001800,885641,0,0,S,122100,100,885640,848281
93001800,885642,0,0,S,122100,800,885640,854869
93001800,885643,0,0,S,122100,100,885640,865165
93001830,887526,0,0,B,122200,600,882769,887525
93001880,891261,0,0,S,122500,100,891260,887525
93001980,902329,C,0, ,0,1000,0,372416
93002090,915178,0,0,S,122500,200,915177,887525
93002130,919063,0,0,S,122500,100,919062,887525
93002130,919064,0,0,S,122500,100,919062,887998
93002130,919065,0,0,S,122500,800,919062,890478
93002130,919066,0,0,S,122500,300,919062,901937
93002140,919714,0,0,S,122500,300,919713,901937
93002140,919715,0,0,S,122400,200,919713,887619
93002250,927870,C,0, ,0,500,0,395873
93002260,928640,0,0,B,122500,100,925053,928639
93002340,933520,0,0,S,122500,1100,933519,928639
93002380,936613,0,0,B,122700,500,631275,936612
93002390,937249,0,0,B,122700,300,631275,937248
93002480,944208,0,0,S,122500,1000,944207,928639
93002560,948285,0,0,S,122500,100,948284,928639
93002740,958103,0,0,S,122500,400,958102,928639
93002800,960086,0,0,B,122700,400,631275,960085
93002880,964113,0,0,S,122500,300,964112,928639
93002920,966253,0,0,S,122500,200,966252,928639
93002930,966813,0,0,S,122500,100,966812,928639
93002970,968984,C,0, ,0,200,883769,0
93002980,969589,0,0,S,122500,100,969588,928639
93003010,971467,0,0,S,122500,200,971466,928639
93003030,972754,C,0, ,0,2500,0,364877
93003160,983095,0,0,S,122600,400,983094,979687
93003170,983099,0,0,S,122600,200,983098,979687
93003170,983101,0,0,S,122600,200,983100,979687
93003170,983242,0,0,S,122600,400,983241,979687
93003170,983353,0,0,S,122600,700,983352,979687
93003170,983464,0,0,B,122700,9700,631275,983463
93003170,983465,0,0,B,122700,600,897860,983463
93003170,983466,0,0,B,122800,2000,732479,983463
93003170,983467,0,0,B,122800,300,799219,983463
93003170,983468,0,0,B,122800,1000,829275,983463
93003170,983469,0,0,B,122800,100,877273,983463
93003170,983470,0,0,B,122900,1800,619908,983463
93003170,983475,0,0,S,122600,500,983474,979687
93003170,983477,0,0,S,122600,400,983476,979687
93003170,983482,0,0,S,122600,100,983481,979687
93003170,983487,0,0,B,122600,2000,983481,983486
93003170,983489,C,0, ,0,800,983481,0
93003170,983491,0,0,B,122900,3200,619908,983490
93003170,983492,0,0,B,122900,100,646057,983490
93003170,983493,0,0,B,122900,6900,662643,983490
93003170,983494,0,0,B,122900,1400,744359,983490
93003170,983495,0,0,B,122900,1500,815208,983490
93003170,983496,0,0,B,122900,100,876336,983490
93003170,983497,0,0,B,122900,200,876411,983490
93003170,983498,0,0,B,122900,1600,876414,983490
93003170,983499,0,0,B,122900,200,876668,983490
93003170,983500,0,0,B,122900,700,877120,983490
93003170,983501,0,0,B,122900,300,877128,983490
93003170,983502,0,0,B,122900,1200,877240,983490
93003170,983503,0,0,B,122900,200,877252,983490
93003170,983504,0,0,B,122900,100,877265,983490
93003170,983505,0,0,B,122900,300,877322,983490
93003170,983506,0,0,B,122900,100,881419,983490
93003170,983507,0,0,B,122900,400,881500,983490
93003170,983508,0,0,B,122900,200,976662,983490
93003170,983509,0,0,B,123000,5700,596672,983490
93003170,983526,0,0,B,123000,300,596672,983525
93003170,983527,0,0,B,123000,500,646575,983525
93003170,983528,0,0,B,123000,2000,773226,983525
93003170,983529,0,0,B,123000,2800,821896,983525
93003170,983530,0,0,B,123000,2000,868093,983525
93003170,983536,0,0,S,122900,1700,983535,983511
93003170,983551,0,0,B,123000,300,868093,983550
93003170,983552,0,0,B,123000,200,876117,983550
93003170,983553,0,0,B,123000,200,880917,983550
93003170,983554,0,0,B,123100,1000,68508,983550
93003170,983555,0,0,B,123100,600,623304,983550
93003170,983556,0,0,B,123100,100,952213,983550
93003170,983557,0,0,B,123200,100,278409,983550
93003170,983558,0,0,B,123200,1000,766908,983550
93003170,983559,0,0,B,123200,600,955031,983550
93003170,983561,0,0,B,123300,1400,174118,983560
93003170,983574,0,0,B,123300,2400,174118,983573
93003180,983708,0,0,S,123200,200,983707,983550
93003180,983711,0,0,S,123200,300,983710,983550
93003180,983725,0,0,S,123200,400,983724,983550
93003180,983729,0,0,S,123200,300,983728,983550
93003180,983777,0,0,S,123200,100,983776,983550
93003180,983779,0,0,S,123200,200,983778,983550
93003180,983780,0,0,S,122900,200,983778,983511
93003180,983810,0,0,S,122900,500,983809,983511
93003180,983814,C,0, ,0,3200,0,983522
93003180,983815,C,0, ,0,11800,0,983513
93003180,983816,C,0, ,0,3600,0,983569
93003180,983818,C,0, ,0,22900,0,983511
93003180,983820,C,0, ,0,3600,0,983533
93003180,983822,C,0, ,0,3200,0,983540
93003180,983883,C,0, ,0,7300,0,983514
93003180,983953,C,0, ,0,2400,0,983928
93003190,984172,0,0,S,122500,400,984171,928639
93003190,984577,0,0,B,122700,5300,984106,984576
93003190,984583,0,0,B,122700,5200,984106,984582
93003190,984645,0,0,S,122500,200,984644,928639
93003200,984875,0,0,B,122700,1100,984106,984874
93003200,985392,0,0,B,122700,300,984106,985391
93003250,987809,0,0,B,122700,200,984106,987808
93003250,987890,0,0,B,122700,7400,984106,987889
93003280,989804,C,0, ,0,900,970567,0
93003480,1001621,0,0,S,122500,100,1001620,928639
93003540,1007105,0,0,B,122600,100,1006845,1007104
93003550,1007295,C,0, ,0,200,0,970279
93003550,1007489,0,0,B,122600,100,1006845,1007488
93003550,1007490,0,0,B,122700,300,984106,1007488
93003670,1012817,0,0,B,122700,9500,984106,1012816
93003820,1022854,C,0, ,0,500,0,261769
93003880,1025928,0,0,S,122500,2000,1025927,928639
93004010,1032546,C,0, ,0,2000,0,263855
93004340,1050387,0,0,S,122500,300,1050386,928639
93004350,1051112,0,0,S,122500,100,1051111,928639
93004430,1054974,C,0, ,0,400,0,291233
93004730,1071180,C,0, ,0,100,1027191,0
93004730,1071295,0,0,B,122700,9500,984106,1071294
93004960,1079625,C,0, ,0,2000,0,1079377
93005040,1082337,C,0, ,0,600,0,331598
93005090,1084860,C,0, ,0,100,0,621570
93005460,1094197,C,0, ,0,100,0,1090064
93005500,1095182,C,0, ,0,900,0,973707
93005500,1095183,C,0, ,0,500,0,973713
93005520,1095623,0,0,B,122700,100,984106,1095622
93005620,1097819,C,0, ,0,5000,0,324245
93005830,1102091,0,0,S,122600,100,1102090,1078381
93005870,1102984,C,0, ,0,500,0,1078381
93005890,1103285,C,0, ,0,21400,984106,0
93005890,1103287,C,0, ,0,12700,984107,0
93005970,1105305,0,0,B,122700,500,988122,1105304
93006010,1106281,C,0, ,0,800,0,1106130
93006080,1108430,C,0, ,0,400,0,426831
93006280,1113938,0,0,S,122600,300,1113937,1094809
93006280,1113939,0,0,S,122600,100,1113937,1112156
93006300,1114617,0,0,B,122600,100,1113942,1114616
93006300,1114620,0,0,B,122600,100,1113942,1114619
93006300,1114631,0,0,B,122600,400,1113942,1114630
93006300,1114632,0,0,B,122700,30100,988122,1114630
93006300,1114634,0,0,B,122700,200,1072544,1114633
93006300,1114635,0,0,B,122700,200,1087543,1114633
93006300,1114636,0,0,B,122700,100,1114279,1114633
93006300,1114640,0,0,B,122700,300,1114279,1114639
93006300,1114935,0,0,B,122900,100,1078199,1114934
93006300,1114936,0,0,B,122900,1200,1090442,1114934
93006300,1115374,0,0,S,122800,1000,1115373,1114854
93006300,1115375,0,0,S,122800,400,1115373,1114878
93006300,1115376,0,0,S,122700,1300,1115373,1114639
93006300,1115377,0,0,S,122700,1700,1115373,1114644
93006300,1115378,0,0,S,122700,300,1115373,1114645
93006300,1115379,0,0,S,122700,1100,1115373,1114674
93006310,1115724,0,0,S,122800,300,1115723,1115504
93006310,1115825,0,0,S,122800,100,1115824,1115504
93006310,1115826,0,0,S,122700,900,1115824,1114674
93006310,1115827,0,0,S,122700,1800,1115824,1114710
93006310,1115828,0,0,S,122700,1900,1115824,1114711
93006310,1115829,0,0,S,122700,100,1115824,1114719
93006310,1115830,0,0,S,122700,600,1115824,1114728
93006310,1115831,0,0,S,122700,400,1115824,1114759
93006310,1115832,0,0,S,122700,3500,1115824,1114768
93006310,1115833,0,0,S,122700,1100,1115824,1114777
93006310,1115834,0,0,S,122700,1200,1115824,1114778
93006310,1115835,0,0,S,122700,200,1115824,1114790
93006310,1115836,0,0,S,122700,1700,1115824,1114794
93006310,1115837,0,0,S,122700,400,1115824,1114818
93006310,1115838,0,0,S,122700,4200,1115824,1114820
93006310,1115839,0,0,S,122700,200,1115824,1114822
93006310,1115840,0,0,S,122700,2700,1115824,1114829
93006310,1115841,0,0,S,122700,4100,1115824,1114830
93006310,1115842,0,0,S,122700,500,1115824,1114831
93006310,1115843,0,0,S,122700,700,1115824,1114834
93006310,1115844,0,0,S,122700,300,1115824,1114843
93006310,1115845,0,0,S,122700,9600,1115824,1114844
93006310,1115846,0,0,S,122700,1000,1115824,1115181
93006310,1115847,0,0,S,122700,1100,1115824,1115220
93006310,1115848,0,0,S,122700,600,1115824,1115390
93006310,1115849,0,0,S,122700,1200,1115824,1115415
93006310,1115850,0,0,S,122700,300,1115824,1115417
93006310,1115851,0,0,S,122700,600,1115824,1115424
93006310,1115852,0,0,S,122700,1000,1115824,1115822
93006310,1116191,0,0,B,122700,400,1115824,1116190
93006310,1116200,0,0,B,122700,200,1115824,1116199
93006310,1116254,0,0,B,122700,300,1115824,1116253
93006310,1116407,0,0,B,122700,400,1115824,1116406
93006310,1116567,0,0,B,122700,600,1115824,1116566
93006320,1116846,0,0,B,122700,1000,1115824,1116845
93006320,1116971,0,0,B,122700,2700,1115824,1116970
93006320,1117019,0,0,B,122700,9600,1115824,1117018
93006320,1117077,0,0,B,122700,300,1115824,1117076
93006320,1117080,0,0,B,122700,500,1115824,1117079
93006320,1117105,0,0,B,122700,400,1115824,1117104
93006320,1117106,0,0,B,122700,700,1115857,1117104
93006320,1117154,0,0,B,122700,4100,1115857,1117153
93006320,1117161,0,0,B,122700,300,1115857,1117160
93006320,1117181,0,0,B,122700,400,1115857,1117180
93006320,1117234,0,0,B,122700,300,1115857,1117233
93006320,1117671,0,0,B,122700,500,1115857,1117670
93006320,1117824,0,0,B,122700,100,1115857,1117823
93006320,1117851,0,0,B,122700,1000,1115857,1117850
93006320,1117862,0,0,B,122700,500,1115857,1117861
93006330,1117971,0,0,B,122700,500,1115857,1117970
93006330,1118171,0,0,B,122700,300,1115857,1118170
93006330,1118237,0,0,B,122700,800,1115857,1118236
93006330,1118381,0,0,B,122700,3200,1115857,1118380
93006330,1118604,C,0, ,0,2900,0,377429
93006430,1126805,0,0,B,122800,400,1117101,1126804
93006460,1127546,0,0,S,122700,500,1127545,1118380
93006470,1127851,0,0,B,122900,300,1090442,1127850
93006470,1127852,0,0,B,123100,200,1075217,1127850
93006520,1129251,0,0,B,123100,1600,1075217,1129250
93006520,1129252,0,0,B,123200,2100,1075201,1129250
93006520,1129253,0,0,B,123300,200,174118,1129250
93006520,1129254,0,0,B,123300,500,440701,1129250
93006520,1129255,0,0,B,123300,200,672735,1129250
93006520,1129256,0,0,B,123300,1100,907839,1129250
93006520,1129257,0,0,B,123300,1200,1075209,1129250
93006520,1129258,0,0,B,123400,800,442454,1129250
93006520,1129259,0,0,B,123400,500,657913,1129250
93006650,1134114,0,0,S,122700,200,1134113,1118380
93006650,1134115,0,0,S,122700,500,1134113,1118508
93006650,1134116,0,0,S,122700,300,1134113,1118643
93006650,1134117,0,0,S,122700,300,1134113,1118665
93006650,1134118,0,0,S,122700,100,1134113,1118672
93006670,1135294,C,0, ,0,300,0,1082150
93006810,1140924,C,0, ,0,3500,0,333880
93006890,1143941,0,0,S,122700,300,1143940,1118672
93006890,1143942,0,0,S,122700,200,1143940,1118684
93006890,1143943,0,0,S,122700,400,1143940,1119226
93006890,1143944,0,0,S,122700,100,1143940,1119648
93006890,1143945,0,0,S,122700,1000,1143940,1120069
93006890,1143946,0,0,S,122700,200,1143940,1120070
93006890,1143947,0,0,S,122700,300,1143940,1120478
93006890,1143948,0,0,S,122700,300,1143940,1120479
93006890,1143949,0,0,S,122700,300,1143940,1120480
93007090,1149829,0,0,S,122700,200,1149828,1134846
93007090,1149830,0,0,S,122700,200,1149828,1134857
93007280,1155338,0,0,S,122700,300,1155337,1137571
93007280,1155339,0,0,S,122700,300,1155337,1137626
93007280,1155340,0,0,S,122700,500,1155337,1138713
93007280,1155341,0,0,S,122700,400,1155337,1153005
93007280,1155342,0,0,S,122600,400,1155337,1114817
93007280,1155343,0,0,S,122600,100,1155337,1118239
93007420,1162867,0,0,S,122700,100,1162866,1155642
93007660,1171914,0,0,S,122800,100,1171913,1163485
93007660,1171915,0,0,S,122700,100,1171913,1155642
93007750,1174535,C,0, ,0,500,0,363899
93007840,1177518,0,0,S,122700,200,1177517,1155642
93007840,1177519,0,0,S,122700,100,1177517,1163623
93007840,1177520,0,0,S,122700,100,1177517,1165225
93007840,1177521,0,0,S,122700,100,1177517,1165226
93007840,1177522,0,0,S,122600,700,1177517,1118239
93007840,1177523,0,0,S,122600,200,1177517,1160772
93007840,1177524,0,0,S,122500,3300,1177517,928639
93007840,1177525,0,0,S,122500,1400,1177517,950112
93007840,1177526,0,0,S,122500,900,1177517,966999
93007900,1179014,C,0, ,0,2800,0,406158
93007940,1179731,0,0,B,123400,800,657913,1179730
93008070,1182823,C,0, ,0,700,0,603144
93008070,1182890,0,0,S,122500,1100,1182889,966999
93008070,1182891,0,0,S,122500,500,1182889,971701
93008070,1182892,0,0,S,122500,400,1182889,985713
93008130,1184475,C,0, ,0,1000,0,377622
93008160,1185261,C,0, ,0,100,0,774524
93008400,1188973,0,0,B,122700,400,1181517,1188972
93008450,1189475,0,0,S,122700,500,1189474,1188972
93008460,1189491,0,0,S,122700,1000,1189490,1188972
93008600,1191640,0,0,S,122700,200,1191639,1188972
93008610,1191848,0,0,S,122700,400,1191847,1188972
93009160,1202990,0,0,S,122800,400,1202989,1202050
93009160,1202991,0,0,S,122700,400,1202989,1188972
93009160,1202995,0,0,S,122700,400,1202994,1188972
93009170,1203979,0,0,S,122700,1000,1203978,1188972
93009510,1215672,0,0,S,122700,1400,1215671,1188972
93009720,1223819,C,0, ,0,1700,0,711191
93009900,1228913,0,0,S,122700,200,1228912,1188972
93010030,1231016,C,0, ,0,1000,0,376826
93010470,1243598,0,0,S,122700,2000,1243597,1188972
93011000,1259237,C,0, ,0,100,1057543,0
93011140,1262116,0,0,S,122700,600,1262115,1188972
93011880,1275582,C,0, ,0,1000,0,992077
93011930,1276507,C,0, ,0,12700,1204021,0
93011930,1276511,C,0, ,0,80000,1203444,0
93012230,1282587,0,0,B,122800,2400,1253312,1282586
93012230,1282595,0,0,S,122700,4600,1282594,1188972
93012230,1282730,0,0,S,122700,1200,1282729,1188972
93012230,1282731,0,0,S,122700,900,1282729,1214318
93012230,1282732,0,0,S,122700,100,1282729,1257796
93012230,1282733,0,0,S,122700,300,1282729,1266309
93012230,1282735,0,0,S,122700,700,1282734,1266309
93012230,1282736,0,0,S,122700,100,1282734,1280377
93012230,1282737,0,0,S,122700,1300,1282734,1280394
93012230,1282738,0,0,S,122700,400,1282734,1280646
93012230,1282749,0,0,S,122700,200,1282748,1280646
93012230,1282750,0,0,S,122700,400,1282748,1280896
93012230,1282753,0,0,S,122700,300,1282752,1280896
93012230,1282756,0,0,S,122700,100,1282755,1280896
93012230,1282757,0,0,S,122700,200,1282755,1281120
93012230,1282760,0,0,S,122700,100,1282759,1281120
93012230,1282768,0,0,S,122700,300,1282767,1281666
93012230,1282769,0,0,S,122700,200,1282767,1281695
93012230,1282770,0,0,S,122700,300,1282767,1281818
93012230,1282771,0,0,S,122700,100,1282767,1281826
93012230,1282772,0,0,S,122700,200,1282767,1281860
93012230,1282773,0,0,S,122700,100,1282767,1281898
93012230,1282774,0,0,S,122700,300,1282767,1281941
93012230,1282775,0,0,S,122700,200,1282767,1281978
93012250,1283609,0,0,S,122700,100,1283608,1281978
93012250,1283610,0,0,S,122700,300,1283608,1282067
93012260,1284162,0,0,B,122800,100,1282593,1284161
93012260,1284202,0,0,S,122700,300,1284201,1282259
93012260,1284203,0,0,S,122700,200,1284201,1282269
93012260,1284210,0,0,S,122700,100,1284209,1282269
93012260,1284216,0,0,S,122700,200,1284215,1282269
93012260,1284227,0,0,S,122700,100,1284226,1282455
93012260,1284240,0,0,S,122700,200,1284239,1282455
93012260,1284242,0,0,S,122700,100,1284241,1282606
93012260,1284245,0,0,S,122700,100,1284244,1282606
93012260,1284249,0,0,S,122700,100,1284248,1282606
93012260,1284258,0,0,S,122700,100,1284257,1282606
93012260,1284260,0,0,S,122700,100,1284259,1282606
93012260,1284261,0,0,S,122700,200,1284259,1282831
93012260,1284262,0,0,S,122700,1200,1284259,1282836
93012260,1284263,0,0,S,122700,1300,1284259,1283333
93012260,1284264,0,0,S,122700,500,1284259,1283347
93012260,1284265,0,0,S,122700,100,1284259,1283348
93012260,1284266,0,0,S,122700,300,1284259,1283374
93012260,1284270,0,0,S,122700,500,1284269,1283374
93012260,1284272,0,0,S,122700,200,1284271,1283487
93012260,1284324,0,0,S,122700,300,1284323,1283487
93012270,1284852,0,0,S,122700,100,1284851,1283487
93012270,1284853,0,0,S,122700,400,1284851,1283611
93012270,1284854,0,0,S,122700,300,1284851,1283644
93012270,1285042,0,0,S,122700,200,1285041,1283644
93012270,1285043,0,0,S,122700,100,1285041,1284447
93012270,1285048,0,0,S,122700,100,1285047,1284447
93012270,1285154,0,0,S,122700,300,1285153,1284520
93012270,1285155,0,0,S,122700,300,1285153,1284550
93012270,1285156,0,0,S,122700,200,1285153,1284625
93012270,1285157,0,0,S,122700,100,1285153,1285140
93012310,1288258,0,0,B,122700,300,1285153,1288257
93012470,1294787,C,0, ,0,5600,0,573652
93012510,1296749,0,0,B,122700,100,1285153,1296748
93012670,1303887,0,0,S,122600,100,1303886,1196896
93012670,1303888,0,0,S,122600,300,1303886,1203519
93012680,1304381,0,0,S,122600,100,1304380,1203519
93012680,1304382,0,0,S,122600,400,1304380,1292232
93012790,1308796,0,0,B,122700,100,1285153,1308795
93012920,1313417,0,0,B,122700,200,1285153,1313416
93013020,1315263,C,0, ,0,700,0,969531
93013090,1316610,0,0,B,122700,100,1285194,1316609
93013120,1317228,0,0,B,122700,200,1285194,1317227
93013120,1317229,0,0,B,122700,300,1285198,1317227
93013120,1317230,0,0,B,122700,500,1285280,1317227
93013200,1318588,C,0, ,0,1500,0,658479
93013240,1320171,0,0,B,122700,800,1285280,1320170
93013320,1322727,C,0, ,0,500,0,277816
93013910,1342071,C,0, ,0,400,0,375378
93013950,1342987,0,0,B,122700,500,1285280,1342986
93014060,1345215,0,0,B,122700,1000,1285280,1345214
93014070,1345462,0,0,B,122700,200,1285280,1345461
93014170,1347335,0,0,B,122700,2000,1285280,1347334
93014420,1351425,0,0,B,122700,2800,1285280,1351424
93014420,1351426,0,0,B,122700,200,1295287,1351424
93014460,1352155,0,0,B,122700,300,1295287,1352154
93014540,1353367,0,0,S,122600,500,1353366,1292232
93014550,1353611,C,0, ,0,900,0,744111
93014680,1355904,C,0, ,0,4200,1283273,0
93015190,1365720,0,0,B,122600,2100,1353366,1365719
93015230,1366571,0,0,S,122500,400,1366570,985713
93015230,1366579,0,0,S,122500,2200,1366578,985713
93015230,1366580,0,0,S,122500,100,1366578,1024171
93015230,1366581,0,0,S,122500,200,1366578,1034090
93015230,1366611,0,0,S,122500,400,1366610,1034090
93015230,1366612,0,0,S,122500,2000,1366610,1041895
93015230,1366613,0,0,S,122500,1000,1366610,1048154
93015230,1366614,0,0,S,122500,200,1366610,1090257
93015230,1366615,0,0,S,122500,300,1366610,1108962
93015230,1366616,0,0,S,122500,100,1366610,1109736
93015230,1366617,0,0,S,122500,400,1366610,1161022
93015230,1366618,0,0,S,122500,300,1366610,1206907
93015230,1366619,0,0,S,122500,100,1366610,1322168
93015240,1366778,C,0, ,0,1700,0,313157
93015240,1366851,0,0,S,122500,400,1366850,1322168
93015240,1366900,0,0,B,122500,200,1366850,1366899
93015250,1367269,C,0, ,0,100,1202769,0
93015260,1367968,C,0, ,0,100,1353366,0
93015320,1371881,C,0, ,0,1400,894223,0
93015330,1372026,0,0,B,122500,1400,1366850,1372025
93015330,1372027,0,0,B,122500,300,1366875,1372025
93015330,1372028,0,0,B,122500,1600,1366879,1372025
93015330,1372029,0,0,B,122500,1100,1366903,1372025
93015330,1372030,0,0,B,122500,3400,1366914,1372025
93015330,1372031,0,0,B,122500,3100,1366935,1372025
93015330,1372032,0,0,B,122500,8100,1366946,1372025
93015330,1372033,0,0,B,122500,400,1367175,1372025
93015330,1372034,0,0,B,122500,2500,1367179,1372025
93015330,1372035,0,0,B,122500,2100,1367181,1372025
93015330,1372036,0,0,B,122500,2200,1367186,1372025
93015330,1372037,0,0,B,122500,2400,1367370,1372025
93015330,1372038,0,0,B,122500,500,1368547,1372025
93015550,1379387,0,0,B,122500,400,1368547,1379386
93015630,1382303,C,0, ,0,2700,1354370,0
93015640,1383010,C,0, ,0,1800,0,427079
93015680,1384643,C,0, ,0,1300,1273522,0
93015690,1385106,C,0, ,0,200,0,260269
93015730,1386336,0,0,B,122500,100,1368547,1386335
93015730,1386337,0,0,B,122500,200,1369432,1386335
93015730,1386338,0,0,B,122500,400,1369468,1386335
93015730,1386339,0,0,B,122500,100,1369526,1386335
93015730,1386340,0,0,B,122500,100,1369567,1386335
93015730,1386341,0,0,B,122500,600,1369692,1386335
93015740,1386687,0,0,B,122500,7500,1369692,1386686
93015740,1386688,0,0,B,122500,100,1369729,1386686
93015740,1386689,0,0,B,122500,1000,1375082,1386686
93015900,1391852,0,0,B,122500,500,1375082,1391851
93016000,1394112,0,0,B,122500,5800,1375082,1394111
93016040,1394791,0,0,S,122400,400,1394790,887619
93016040,1394792,0,0,S,122300,300,1394790,927526
93016040,1394793,0,0,S,122300,200,1394790,988911
93016040,1394794,0,0,S,122300,300,1394790,1032461
93016200,1398417,0,0,B,122300,600,1394790,1398416
93016390,1406723,0,0,S,122200,1000,1406722,971008
93016390,1406724,0,0,S,122200,400,1406722,985163
93016480,1409012,0,0,B,122300,100,1394790,1409011
93016500,1409420,C,0, ,0,800,1375082,0
93016510,1409503,C,0, ,0,100,0,1317664
93016670,1415054,C,0, ,0,5500,1382813,0
93016690,1415663,0,0,B,122300,100,1394790,1415662
93016950,1422759,C,0, ,0,500,0,237915
93017060,1424778,C,0, ,0,500,1277653,0
93017160,1426601,C,0, ,0,100,0,806164
93017270,1428413,0,0,B,122300,400,1394790,1428412
93017310,1429203,C,0, ,0,100,1322833,0
93017560,1433470,0,0,B,122300,1600,1394790,1433469
93017620,1434570,0,0,B,122300,800,1394790,1434569
93017870,1438615,0,0,B,122300,200,1394790,1438614
93018040,1441438,0,0,B,122300,3100,1394790,1441437
93018040,1441439,0,0,B,122500,900,1376000,1441437
93018060,1441644,C,0, ,0,100,1353148,0
93018060,1441671,0,0,B,122500,200,1376000,1441670
93018170,1443977,0,0,B,122500,800,1376000,1443976
93018190,1444436,C,0, ,0,400,1366744,0
93018210,1445188,0,0,S,122200,200,1445187,985163
93018210,1445228,0,0,S,122200,100,1445227,985163
93018210,1445263,0,0,S,122200,100,1445262,985163
93018210,1445280,0,0,S,122200,100,1445279,985163
93018210,1445288,0,0,S,122200,100,1445287,985163
93018210,1445291,0,0,S,122200,100,1445290,1033561
93018210,1445293,0,0,S,122200,100,1445292,1097260
93018210,1445294,0,0,S,122200,100,1445292,1129946
93018220,1445406,0,0,S,122200,100,1445405,1129946
93018220,1445407,0,0,S,122200,200,1445405,1445206
93018220,1445408,0,0,S,122200,200,1445405,1445211
93018220,1445409,0,0,S,122200,200,1445405,1445213
93018230,1445889,C,0, ,0,900,1312716,0
93018250,1447404,0,0,S,122200,500,1447403,1445213
93018270,1448389,0,0,S,122100,100,1448388,865165
93018450,1455669,0,0,S,122100,400,1455668,865165
93018530,1459652,C,0, ,0,500,0,262477
93018540,1460786,0,0,B,122200,100,1447403,1460785
93018620,1464159,0,0,B,122200,100,1447403,1464158
93019300,1482768,0,0,B,122200,100,1447403,1482767
93019550,1490649,C,0, ,0,100,1310286,0
93019830,1498305,C,0, ,0,20000,0,336347
93019930,1499954,C,0, ,0,500,1382857,0
93020140,1503614,0,0,B,122200,200,1447403,1503613
93020210,1504760,0,0,S,122100,100,1504759,865165
93020340,1506820,C,0, ,0,10400,0,766055
93020410,1507928,0,0,B,122200,800,1495977,1507927
93020770,1513345,0,0,S,122100,900,1513344,865165
93020770,1513346,0,0,S,122100,1100,1513344,947977
93020840,1514662,0,0,B,122200,400,1495977,1514661
93020890,1515451,C,0, ,0,1000,152743,0
93020890,1515452,C,0, ,0,1200,0,83294
93021190,1520135,0,0,B,122200,300,1495977,1520134
93021200,1520246,C,0, ,0,8500,0,947977
93021200,1520389,0,0,S,122100,100,1520388,972378
93021200,1520502,0,0,S,122100,1300,1520501,972378
93021200,1520527,0,0,S,122100,3600,1520526,972378
93021200,1520528,0,0,S,122100,800,1520526,1045308
93021200,1520530,0,0,S,122100,200,1520529,1045308
93021200,1520535,0,0,S,122100,1900,1520534,1045308
93021200,1520553,0,0,S,122100,900,1520552,1058022
93021200,1520554,0,0,S,122100,200,1520552,1074059
93021200,1520559,C,0, ,0,400,1367200,0
93021200,1520560,C,0, ,0,600,1444787,0
93021200,1520595,C,0, ,0,300,1367396,0
93021200,1520612,C,0, ,0,500,1444845,0
93021360,1526350,C,0, ,0,1000,0,305213
93021710,1536425,0,0,S,122000,1200,1536424,646324
93021820,1541217,0,0,S,122000,200,1541216,646324
93021890,1542376,0,0,B,122100,300,1520552,1542375
93022170,1548259,C,0, ,0,100,1259599,0
93022170,1548331,C,0, ,0,4500,1373495,0
93022270,1551701,0,0,S,122000,400,1551700,646324
93022270,1551702,0,0,S,122000,600,1551700,654700
93022330,1553393,C,0, ,0,300,1208679,0
93022480,1557094,C,0, ,0,1200,1295406,0
93022480,1557096,C,0, ,0,2900,1295287,0
93022480,1557182,C,0, ,0,3500,1295363,0
93023380,1574298,0,0,B,122100,600,1520552,1574297
93023380,1574316,C,0, ,0,2000,0,974124
93023510,1575779,C,0, ,0,200,0,1013809
93023680,1578518,C,0, ,0,1000,0,812656
93023720,1578892,C,0, ,0,1400,1495314,0
93023770,1579570,C,0, ,0,100,1490892,0
93023830,1580624,0,0,B,122100,300,1520552,1580623
93023830,1580625,0,0,B,122100,300,1521091,1580623
93023830,1580626,0,0,B,122100,1000,1521595,1580623
93023830,1580627,0,0,B,122100,400,1522271,1580623
93023940,1581894,C,0, ,0,100,1441853,0
93024050,1583417,0,0,B,122100,400,1522271,1583416
93024080,1583845,C,0, ,0,100,1342164,0
93024150,1585152,0,0,S,122000,400,1585151,654700
93024150,1585153,0,0,S,122000,10000,1585151,690981
93024150,1585154,0,0,S,122000,500,1585151,696600
93024150,1585155,0,0,S,122000,10000,1585151,698564
93024150,1585156,0,0,S,122000,200,1585151,723175
93024150,1585157,0,0,S,122000,2000,1585151,732792
93024150,1585158,0,0,S,122000,600,1585151,748870
93024150,1585159,0,0,S,122000,1000,1585151,748950
93024150,1585160,0,0,S,122000,1000,1585151,749070
93024150,1585161,0,0,S,122000,100,1585151,755377
93024150,1585162,0,0,S,122000,200,1585151,783123
93024150,1585163,0,0,S,122000,1000,1585151,791429
93024150,1585164,0,0,S,122000,1000,1585151,801194
93024150,1585165,0,0,S,122000,1000,1585151,803998
93024150,1585166,0,0,S,122000,200,1585151,821969
93024150,1585167,0,0,S,122000,500,1585151,843817
93024150,1585168,0,0,S,122000,300,1585151,850246
93024150,1585169,0,0,S,122000,100,1585151,869173
93024150,1585170,0,0,S,122000,1000,1585151,871394
93024150,1585171,0,0,S,122000,400,1585151,873338
93024150,1585172,0,0,S,122000,1000,1585151,884113
93024150,1585173,0,0,S,122000,2500,1585151,884346
93024150,1585179,0,0,S,122000,200,1585178,884346
93024150,1585183,0,0,S,122000,600,1585182,884346
93024150,1585184,0,0,S,122000,100,1585182,899347
93024150,1585185,0,0,S,122000,600,1585182,905790
93024150,1585186,0,0,S,122000,1000,1585182,926972
93024150,1585187,0,0,S,122000,1200,1585182,981390
93024150,1585499,0,0,S,122000,8800,1585498,981390
93024150,1585500,0,0,S,122000,500,1585498,1002091
93024150,1585501,0,0,S,122000,1000,1585498,1022775
93024150,1585505,0,0,S,122000,4000,1585504,1022775
93024150,1585506,0,0,S,122000,500,1585504,1031890
93024150,1585507,0,0,S,122000,2500,1585504,1076759
93024150,1585508,0,0,S,122000,100,1585504,1089202
93024150,1585509,0,0,S,122000,3200,1585504,1111810
93024150,1585519,C,0, ,0,200,1367865,0
93024160,1585561,0,0,S,122000,1800,1585560,1111810
93024160,1585562,0,0,S,122000,500,1585560,1198994
93024160,1585565,0,0,S,122000,1500,1585564,1198994
93024160,1585566,0,0,S,122000,1000,1585564,1439534
93024160,1585567,0,0,S,122000,300,1585564,1513937
93024160,1585697,0,0,S,122000,400,1585696,1513937
93024160,1585698,0,0,S,122000,500,1585696,1584009
93024160,1586155,C,0, ,0,600,1520980,0
93024200,1588478,0,0,B,122100,200,1522271,1588477
93024210,1588872,C,0, ,0,10300,1571606,0
93024480,1597929,0,0,S,122000,900,1597928,1584009
93024630,1602389,C,0, ,0,1000,1577271,0
93024710,1604830,C,0, ,0,600,1495977,0
93024740,1605431,C,0, ,0,1300,1385131,0
93024740,1605434,C,0, ,0,1600,1384647,0
93025160,1614925,0,0,B,122000,1900,1597928,1614924
93025200,1616033,C,0, ,0,200,0,242815
93025230,1616769,0,0,B,122000,500,1597928,1616768
93025470,1623551,C,0, ,0,500,0,886590
93025870,1632735,0,0,B,122000,100,1597928,1632734
93026000,1634754,0,0,S,121900,300,1634753,431665
93026000,1634762,0,0,S,121900,200,1634761,431665
93026000,1634763,0,0,S,121900,1000,1634761,580967
93026000,1634764,0,0,S,121900,2000,1634761,580980
93026000,1634765,0,0,S,121900,3000,1634761,712749
93026000,1634766,0,0,S,121900,2000,1634761,721952
93026000,1634767,0,0,S,121900,4900,1634761,749961
93026000,1634768,0,0,S,121900,2000,1634761,754636
93026000,1634769,0,0,S,121900,200,1634761,786294
93026000,1634770,0,0,S,121900,7400,1634761,797324
93026000,1634771,0,0,S,121900,400,1634761,840050
93026000,1634772,0,0,S,121900,9200,1634761,956440
93026010,1634911,0,0,S,121900,1800,1634910,956440
93026090,1636535,0,0,B,122000,1200,1597928,1636534
93026090,1636536,0,0,B,122000,800,1598088,1636534
93026100,1636813,C,0, ,0,1936,1446767,0
93026130,1637277,0,0,S,121900,6000,1637276,956440
93026130,1637278,0,0,S,121900,100,1637276,1001990
93026130,1637279,0,0,S,121800,200,1637276,387565
93026130,1637280,0,0,S,121800,13400,1637276,423593
93026150,1637523,C,0, ,0,3800,0,423593
93026150,1637536,C,0, ,0,14500,0,117271
93026280,1639591,C,0, ,0,3900,1361356,0
93026770,1645715,C,0, ,0,100,0,421698
93027100,1649658,C,0, ,0,100,1579783,0
93027160,1650581,0,0,S,121800,100,1650580,423614
93027160,1650582,0,0,S,121800,1200,1650580,423669
93027160,1650583,0,0,S,121800,600,1650580,580122
93027160,1650585,0,0,S,121800,300,1650584,580122
93027160,1650587,0,0,S,121800,4100,1650586,580122
93027160,1650588,0,0,S,121800,1000,1650586,708050
93027160,1650589,0,0,S,121800,1400,1650586,742604
93027160,1650590,0,0,S,121800,300,1650586,753640
93027160,1650591,0,0,S,121800,100,1650586,913842
93027160,1650592,0,0,S,121800,500,1650586,978419
93027160,1650593,0,0,S,121800,5800,1650586,1010558
93027160,1650594,0,0,S,121800,2000,1650586,1019179
93027160,1650596,0,0,S,121700,500,1650595,1356046
93027160,1650615,0,0,S,121700,500,1650614,1356046
93027160,1650634,0,0,B,121700,500,1650614,1650633
93027160,1650649,0,0,S,121600,800,1650648,32761
93027160,1650650,0,0,S,121600,400,1650648,118192
93027160,1650651,0,0,S,121600,1700,1650648,640778
93027160,1650652,0,0,S,121600,1000,1650648,762172
93027160,1650653,0,0,S,121600,100,1650648,780605
93027160,1650654,0,0,S,121600,200,1650648,806979
93027160,1650656,0,0,S,121600,1800,1650655,806979
93027160,1650657,0,0,S,121600,800,1650655,825703
93027160,1650658,0,0,S,121600,100,1650655,856760
93027160,1650659,0,0,S,121600,700,1650655,932096
93027160,1650660,0,0,S,121600,2000,1650655,1033898
93027160,1650691,C,0, ,0,900,1586765,0
93027170,1650840,C,0, ,0,400,1521071,0
93027180,1651315,C,0, ,0,1100,1522682,0
93027190,1651847,0,0,B,121600,4600,1650655,1651846
93027190,1651848,0,0,B,121600,600,1650661,1651846
93027190,1651849,0,0,B,121600,1100,1650664,1651846
93027190,1651850,0,0,B,121600,800,1650665,1651846
93027190,1651851,0,0,B,121600,2800,1650667,1651846
93027190,1651852,0,0,B,121600,100,1650668,1651846
93027200,1652061,C,0, ,0,12000,1522271,0
93027210,1652544,C,0, ,0,20500,1638290,0
93027220,1652997,C,0, ,0,11400,1626274,0
93027220,1653052,C,0, ,0,16500,1626186,0
93027220,1653053,C,0, ,0,9600,1626190,0
93027260,1654556,C,0, ,0,100,1582044,0
93027310,1655885,C,0, ,0,2700,1650606,0
93027310,1655888,C,0, ,0,3200,1650629,0
93027310,1655889,C,0, ,0,2500,1650613,0
93027310,1655890,C,0, ,0,4900,1650635,0
93027360,1656804,C,0, ,0,400,1581897,0
93027480,1661768,C,0, ,0,600,1376394,0
93027480,1661786,C,0, ,0,2000,1376138,0
93027500,1662124,0,0,B,121600,4100,1650668,1662123
93027500,1662125,0,0,B,121600,500,1650669,1662123
93027500,1662126,0,0,B,121600,600,1650673,1662123
93027500,1662127,0,0,B,121600,1100,1650693,1662123
93027500,1662128,0,0,B,121600,1200,1651677,1662123
93027500,1662129,0,0,B,121600,900,1660612,1662123
93027500,1662131,0,0,B,121600,2500,1660612,1662130
93027500,1662141,0,0,B,121600,100,1660612,1662140
93027500,1662142,0,0,B,121700,4700,1650614,1662140
93027530,1662629,C,0, ,0,200,0,363041
93027560,1663108,C,0, ,0,200,0,327922
93027630,1664962,C,0, ,0,5500,1643488,0
93027800,1670460,0,0,S,121500,300,1670459,67492
93027800,1670461,0,0,S,121500,800,1670459,81879
93028160,1675829,0,0,S,121500,500,1675828,81879
93028310,1679581,C,0, ,0,100,1655119,0
93028430,1683214,0,0,B,121700,800,1650614,1683213
93028560,1686743,C,0, ,0,900,0,332105
93028690,1688998,C,0, ,0,2200,1650586,0
93028690,1688999,C,0, ,0,13100,1650694,0
93028690,1689000,C,0, ,0,17400,1650692,0
93028690,1689001,C,0, ,0,3300,1650619,0
93028690,1689003,C,0, ,0,14100,1650609,0
93028690,1689004,C,0, ,0,100,1650636,0
93028750,1690403,C,0, ,0,5500,1667207,0
93028960,1693967,0,0,S,121500,300,1693966,81879
93028980,1694181,C,0, ,0,100,0,445896
93029110,1696271,C,0, ,0,1300,1605616,0
93029110,1696273,C,0, ,0,1100,1605618,0
93029110,1696276,C,0, ,0,1500,1605676,0
93029140,1696634,C,0, ,0,4200,1600577,0
93029160,1696956,C,0, ,0,700,1650697,0
93029160,1696960,C,0, ,0,700,1650713,0
93029160,1696965,C,0, ,0,300,1650705,0
93029160,1696966,C,0, ,0,1400,1650712,0
93029170,1697137,C,0, ,0,500,1586951,0
93029190,1697397,C,0, ,0,1200,1651698,0
93029190,1697398,C,0, ,0,300,1651708,0
93029190,1697403,C,0, ,0,400,1651709,0
93029190,1697408,C,0, ,0,100,1651705,0
93029190,1697409,C,0, ,0,1200,1651731,0
93029190,1697413,C,0, ,0,200,1651721,0
93029190,1697414,C,0, ,0,400,1651718,0
93029190,1697415,C,0, ,0,400,1651728,0
93029190,1697417,C,0, ,0,3200,1651727,0
93029190,1697421,C,0, ,0,600,1651716,0
93029190,1697422,C,0, ,0,100,1651725,0
93029190,1697424,C,0, ,0,600,1651722,0
93029230,1698016,0,0,S,121500,200,1698015,81879
93029260,1698371,C,0, ,0,4400,0,734989
93029530,1701922,C,0, ,0,600,1489989,0
93029530,1701923,C,0, ,0,400,1489992,0
93029530,1701927,C,0, ,0,1000,1489994,0
93029630,1703245,0,0,B,121700,100,1650614,1703244
93029630,1703246,0,0,B,121700,400,1650616,1703244
93029660,1703646,C,0, ,0,6600,1650620,0
93029660,1703647,C,0, ,0,4900,1650610,0
93029790,1705313,C,0, ,0,700,1607044,0
93030060,1709027,C,0, ,0,400,1648639,0
93030080,1709380,0,0,S,121500,200,1709379,81879
93030150,1710659,0,0,B,121700,1000,1650616,1710658
93030150,1710682,C,0, ,0,39000,1652999,0
93030150,1710719,C,0, ,0,3400,1650602,0
93030150,1710728,C,0, ,0,1600,1650608,0
93030150,1710760,C,0, ,0,1200,1650599,0
93030150,1710765,C,0, ,0,1200,1650617,0
93030150,1710814,C,0, ,0,1100,1650698,0
93030150,1710817,C,0, ,0,500,1653076,0
93030150,1710818,C,0, ,0,1300,1652120,0
93030150,1710954,C,0, ,0,300,1650666,0
93030150,1710957,C,0, ,0,100,1650676,0
93030150,1710961,C,0, ,0,100,1650678,0
93030150,1710962,C,0, ,0,22400,1650679,0
93030150,1711053,C,0, ,0,2000,1445278,0
93030150,1711058,C,0, ,0,2300,1202471,0
93030150,1711063,C,0, ,0,2300,1202469,0
93030150,1711065,C,0, ,0,600,1202473,0
93030150,1711089,C,0, ,0,3200,1445299,0
93030150,1711091,C,0, ,0,2600,1202499,0
93030150,1711092,C,0, ,0,2300,1202501,0
93030160,1711343,C,0, ,0,400,1650699,0
93030160,1711667,C,0, ,0,200,1587430,0
93030170,1712182,0,0,S,121500,400,1712181,98575
93030180,1712843,C,0, ,0,4800,1650641,0
93030180,1712846,C,0, ,0,3400,1650646,0
93030190,1713256,C,0, ,0,100,1649745,0
93030190,1713294,C,0, ,0,1300,1579042,0
93030230,1714758,0,0,B,121600,100,1711235,1714757
93030240,1715053,0,0,S,121500,1700,1715052,98575
93030260,1715595,C,0, ,0,17400,1697609,0
93030290,1716650,0,0,S,121500,200,1716649,98575
93030650,1729020,C,0, ,0,5500,1702921,0
93030870,1734833,C,0, ,0,3400,1658585,0
93031190,1740234,C,0, ,0,500,1648911,0
93031290,1742716,C,0, ,0,1400,1416143,0
93031330,1743433,0,0,S,121500,500,1743432,98575
93031340,1743583,0,0,B,121600,1000,1711235,1743582
93031370,1744681,0,0,S,121500,200,1744680,98575
93031370,1744682,0,0,S,121500,500,1744680,369414
93031370,1744683,0,0,S,121500,500,1744680,436646
93031370,1744684,0,0,S,121500,1800,1744680,663800
93031370,1744685,0,0,S,121500,900,1744680,811081
93031720,1753536,C,0, ,0,6000,0,400829
93032070,1760103,0,0,B,121600,100,1711235,1760102
93032400,1764001,C,0, ,0,700,1709262,0
93032670,1767763,C,0, ,0,1000,0,833139
93032770,1768875,C,0, ,0,300,1409541,0
93032790,1769288,C,0, ,0,400,1709448,0
93032800,1769483,0,0,B,121600,800,1711235,1769482
93033150,1773892,0,0,B,121600,300,1711235,1773891
93033150,1773898,C,0, ,0,300,1282593,0
93033150,1773909,C,0, ,0,1000,1650616,0
93033160,1773953,C,0, ,0,2000,1453097,0
93033160,1773955,C,0, ,0,2100,1454357,0
93033160,1773956,C,0, ,0,2400,1454358,0
93033160,1773957,C,0, ,0,6800,1453094,0
93033160,1773979,C,0, ,0,4300,1454391,0
93033160,1774071,C,0, ,0,500,1652974,0
93033160,1774076,C,0, ,0,500,1653119,0
93033160,1774081,C,0, ,0,500,1653055,0
93033160,1774082,C,0, ,0,500,1653253,0
93033180,1774295,C,0, ,0,700,1711347,0
93033180,1774317,0,0,B,121600,300,1711235,1774316
93033180,1774320,C,0, ,0,6700,1711235,0
93033180,1774353,C,0, ,0,300,1712056,0
93033180,1774387,0,0,B,121600,300,1773936,1774386
93033180,1774389,0,0,S,121500,1500,1774388,811081
93033200,1774808,C,0, ,0,900,1655609,0
93033210,1775150,C,0, ,0,8800,1710414,0
93033320,1778283,0,0,B,121600,400,1774565,1778282
93033320,1778284,0,0,B,121700,100,1713958,1778282
93033320,1778285,0,0,B,121700,200,1715355,1778282
93033320,1778286,0,0,B,121700,200,1740727,1778282
93033370,1779421,C,0, ,0,2800,1719343,0
93033440,1781058,C,0, ,0,2000,0,261232
93033570,1784234,C,0, ,0,8900,1762631,0
93034010,1793635,C,0, ,0,3000,0,121639
93034220,1797799,C,0, ,0,400,1589626,0
93034310,1799267,C,0, ,0,2000,0,391801
93034440,1802889,C,0, ,0,1100,1713977,0
93034490,1803889,C,0, ,0,1700,1599079,0
93034490,1803928,C,0, ,0,4500,1598088,0
93034490,1803949,0,0,B,121700,100,1740727,1803948
93034520,1804623,C,0, ,0,400,1624411,0
93034520,1804629,C,0, ,0,300,1624547,0
93034830,1811619,C,0, ,0,800,1232478,0
93034870,1812292,C,0, ,0,1300,1706564,0
93034890,1812620,C,0, ,0,5600,1632187,0
93034980,1813719,0,0,S,121500,1600,1813718,811081
93035180,1816942,0,0,B,121600,200,1813187,1816941
93035180,1816943,0,0,B,121700,500,1740727,1816941
93035180,1816944,0,0,B,121700,100,1764128,1816941
93035340,1819064,C,0, ,0,4100,1632617,0
93035350,1819144,C,0, ,0,8900,1719499,0
93035360,1819214,0,0,S,121600,7300,1819213,1819128
93035360,1819215,0,0,S,121500,1000,1819213,811081
93035360,1819216,0,0,S,121500,800,1819213,935077
93035360,1819217,0,0,S,121500,400,1819213,956833
93035370,1819344,C,0, ,0,300,1649169,0
93035370,1819345,C,0, ,0,300,1648922,0
93035370,1819346,C,0, ,0,700,1648783,0
93035370,1819347,C,0, ,0,600,1647991,0
93035370,1819348,C,0, ,0,500,1648654,0
93035370,1819349,C,0, ,0,800,1648934,0
93035370,1819350,C,0, ,0,600,1648832,0
93035370,1819351,C,0, ,0,300,1648263,0
93035370,1819352,C,0, ,0,800,1648009,0
93035380,1819442,C,0, ,0,200,1647800,0
93035380,1819443,C,0, ,0,9000,1626255,0
93035440,1820264,0,0,S,121500,400,1820263,956833
93035530,1821431,C,0, ,0,1200,1696423,0
93035530,1821434,C,0, ,0,1100,1696426,0
93035530,1821437,C,0, ,0,1400,1696429,0
93035590,1822250,0,0,B,121600,600,1821448,1822249
93035590,1822288,0,0,B,121600,1000,1821448,1822287
93035590,1822336,0,0,B,121600,700,1821448,1822335
93035950,1827136,0,0,S,121500,100,1827135,956833
93036090,1828976,C,0, ,0,1000,0,262649
93036150,1830072,C,0, ,0,1600,0,232146
93036170,1830325,C,0, ,0,200,1697272,0
93036170,1830326,C,0, ,0,200,1697141,0
93036220,1831344,C,0, ,0,500,1610176,0
93036230,1831755,0,0,B,121600,3800,1821448,1831754
93036230,1831937,0,0,B,121700,200,1764128,1831936
93036230,1832032,C,0, ,0,1400,1445212,0
93036230,1832298,0,0,S,121600,1400,1832297,1831754
93036230,1832341,0,0,B,121700,600,1764128,1832340
93036230,1832342,0,0,B,121700,200,1813213,1832340
93036230,1832343,0,0,B,121700,100,1821538,1832340
93036230,1832367,C,0, ,0,1100,1650871,0
93036240,1832426,0,0,S,121600,300,1832425,1831754
93036240,1832807,0,0,S,121600,700,1832806,1831754
93036410,1837814,C,0, ,0,3800,0,1831896
93036600,1842882,C,0, ,0,500,1409547,0
93037220,1855845,0,0,S,121600,100,1855844,1831754
93037490,1861425,C,0, ,0,5800,1661770,0
93037490,1861434,C,0, ,0,1900,1662308,0
93037490,1861514,C,0, ,0,6100,1661792,0
93037530,1862349,C,0, ,0,300,0,1831897
93037540,1862359,C,0, ,0,200,0,1831927
93037770,1867278,0,0,S,121600,400,1867277,1831754
93037970,1869838,C,0, ,0,2000,0,375692
93038070,1871209,C,0, ,0,500,1650323,0
93038070,1871211,C,0, ,0,900,1656781,0
93038070,1871212,C,0, ,0,7600,1655357,0
93038080,1871323,0,0,S,121600,400,1871322,1831754
93038080,1871340,C,0, ,0,800,1708272,0
93038080,1871343,C,0, ,0,2500,1735126,0
93038080,1871345,C,0, ,0,400,1708066,0
93038090,1871374,C,0, ,0,1200,0,392407
93038130,1871902,C,0, ,0,100,1584040,0
93038410,1874967,0,0,S,121600,200,1874966,1831754
93038520,1876199,C,0, ,0,400,1793496,0
93038890,1880654,0,0,S,121600,3100,1880653,1831754
93038890,1880655,0,0,S,121600,2500,1880653,1831759
93038940,1881253,C,0, ,0,1800,0,321911
93039070,1882973,C,0, ,0,8900,1809103,0
93039150,1883957,0,0,B,121700,1000,1821538,1883956
93039150,1883958,0,0,B,121700,900,1821546,1883956
93039150,1883983,0,0,B,121700,200,1821546,1883982
93039160,1884272,0,0,S,121700,1900,1884271,1883982
93039160,1884273,0,0,S,121700,300,1884271,1883988
93039160,1884274,0,0,S,121700,200,1884271,1884106
93039160,1884275,0,0,S,121600,400,1884271,1831759
93039180,1884892,C,0, ,0,2000,0,1833072
93039200,1885413,0,0,S,121600,100,1885412,1831759
93039510,1891114,C,0, ,0,2500,1768874,0
93039510,1891116,C,0, ,0,14000,1735132,0
93039520,1891212,C,0, ,0,8900,1819240,0
93039610,1893405,0,0,S,121600,2500,1893404,1831759
93039930,1898941,0,0,B,121700,100,1884828,1898940
93039990,1899790,0,0,B,121700,300,1884828,1899789
93039990,1899791,0,0,B,121700,300,1886767,1899789
93039990,1899792,0,0,B,121700,300,1891346,1899789
93040000,1899955,C,0, ,0,4900,1819445,0
93040000,1899957,0,0,S,121600,4800,1899956,1831759
93040000,1899958,0,0,S,121600,100,1899956,1842327
93040000,1899959,0,0,S,121600,200,1899956,1863027
93040000,1899962,C,0, ,0,300,1819588,0
93040010,1900026,C,0, ,0,100,1669258,0
93040010,1900070,0,0,S,121600,4900,1900069,1863027
93040010,1900071,C,0, ,0,10600,1819343,0
93040010,1900078,0,0,S,121600,300,1900077,1863027
93040130,1901982,C,0, ,0,800,0,381174
93040180,1902597,0,0,S,121600,400,1902596,1863027
93040190,1902704,0,0,B,121700,700,1891346,1902703
93040350,1905482,0,0,B,121700,800,1891346,1905481
93040480,1909045,0,0,S,121600,6400,1909044,1863027
93040480,1909046,0,0,S,121600,3800,1909044,1872225
93040480,1909047,0,0,S,121600,2200,1909044,1874845
93040480,1909048,0,0,S,121600,1900,1909044,1893079
93040480,1909049,0,0,S,121500,1100,1909044,956833
93040480,1909050,0,0,S,121500,800,1909044,1065364
93040480,1909051,0,0,S,121500,400,1909044,1066381
93040530,1910391,C,0, ,0,300,1804631,0
93040550,1910558,C,0, ,0,1000,1291176,0
93040680,1913122,C,0, ,0,500,0,1503425
93040920,1916682,0,0,S,121600,700,1916681,1915479
93040920,1916683,0,0,S,121500,1000,1916681,1066381
93040980,1917558,C,0, ,0,300,0,309464
93041020,1918242,C,0, ,0,8900,1883088,0
93041050,1918819,C,0, ,0,1000,0,322312
93041110,1919729,C,0, ,0,700,0,326555
93041160,1920275,C,0, ,0,1000,0,1029263
93041220,1921018,C,0, ,0,1000,0,345137
93041500,1924209,C,0, ,0,2000,0,750112
93041840,1928095,0,0,B,121600,1000,1927672,1928094
93041900,1928768,C,0, ,0,2000,0,1817625
93042130,1931475,0,0,B,121600,100,1927672,1931474
93042130,1931512,0,0,B,121600,300,1927672,1931511
93042140,1931672,0,0,B,121600,300,1927672,1931671
93042160,1932003,0,0,B,121600,1600,1927672,1932002
93042170,1932128,0,0,B,121600,300,1927672,1932127
93042170,1932234,0,0,B,121600,500,1927672,1932233
93042170,1932235,C,0, ,0,100,1520418,0
93042180,1932305,0,0,B,121700,400,1891346,1932304
93042180,1932307,0,0,S,121600,100,1932306,1932233
93042200,1932840,0,0,S,121600,300,1932839,1932233
93042210,1933007,C,0, ,0,1400,1821548,0
93042220,1933543,0,0,B,121700,300,1891346,1933542
93042220,1933549,0,0,B,121700,300,1891346,1933548
93042220,1933584,0,0,B,121700,400,1891346,1933583
93042230,1933805,0,0,S,121600,100,1933804,1932233
93042310,1935993,C,0, ,0,1400,0,1932233
93042390,1937398,0,0,S,121600,600,1937397,1932238
93042390,1937399,0,0,S,121600,300,1937397,1935629
93042390,1937400,0,0,S,121600,1000,1937397,1936108
93042440,1938581,0,0,B,121700,1600,1891346,1938580
93042510,1940306,0,0,S,121600,500,1940305,1936108
93042510,1940307,0,0,S,121600,300,1940305,1936611
93042740,1945817,0,0,B,121600,2600,1940305,1945816
93042740,1945818,0,0,B,121600,3400,1943647,1945816
93042990,1950369,0,0,B,121600,300,1943647,1950368
93043010,1950776,C,0, ,0,6900,743926,0
93043310,1956386,C,0, ,0,8900,1891746,0
93043500,1959682,0,0,B,121600,100,1943647,1959681
93043620,1961997,0,0,S,121500,300,1961996,1066381
93043680,1963705,0,0,B,121600,500,1943647,1963704
93043680,1963706,0,0,B,121600,3900,1956613,1963704
93043870,1966431,0,0,B,121600,1500,1956613,1966430
93043920,1967016,0,0,S,121500,300,1967015,1066381
93043920,1967017,0,0,S,121500,200,1967015,1731307
93043920,1967018,0,0,S,121500,2300,1967015,1805879
93044030,1968426,0,0,S,121500,400,1968425,1805879
93044310,1971813,C,0, ,0,1000,0,306697
93044370,1972684,0,0,B,121600,1300,1956613,1972683
93044440,1973370,C,0, ,0,8900,1918518,0
93044650,1976096,0,0,S,121500,200,1976095,1805879
93044880,1978574,C,0, ,0,10000,0,641217
93044890,1978612,C,0, ,0,2200,1956613,0
93045010,1979879,0,0,B,121600,300,1974684,1979878
93045010,1979880,0,0,B,121600,300,1974815,1979878
93045010,1979881,0,0,B,121700,100,1891346,1979878
93045130,1981617,C,0, ,0,400,1576797,0
93045210,1982671,0,0,B,121700,100,1891346,1982670
93045210,1982673,0,0,B,121700,2000,1891346,1982672
93045210,1982677,0,0,B,121700,100,1891346,1982676
93045230,1983077,C,0, ,0,400,1586733,0
93045250,1983526,0,0,S,121600,400,1983525,1980297
93046170,2001196,C,0, ,0,100,1356105,0
93046240,2002445,C,0, ,0,300,1399478,0
93046450,2006198,0,0,S,121600,1600,2006197,1980297
93046450,2006199,0,0,S,121600,500,2006197,1981206
93046450,2006200,0,0,S,121600,500,2006197,1981536
93046450,2006201,0,0,S,121600,1100,2006197,1997934
93046470,2006705,0,0,S,121500,2100,2006704,1805879
93046470,2006706,0,0,S,121500,200,2006704,1829644
93046470,2006707,0,0,S,121500,700,2006704,1829708
93046470,2006708,0,0,S,121500,1100,2006704,1829726
93046470,2006709,0,0,S,121500,400,2006704,1830313
93046470,2006710,0,0,S,121500,300,2006704,1830370
93046470,2006711,0,0,S,121500,500,2006704,1830522
93046470,2006712,0,0,S,121500,300,2006704,1831085
93046470,2006713,0,0,S,121500,100,2006704,1850633
93046470,2006714,0,0,S,121500,100,2006704,1916923
93046470,2006715,0,0,S,121500,500,2006704,1951915
93046470,2006716,0,0,S,121500,500,2006704,1952133
93046470,2006717,0,0,S,121500,1000,2006704,1963802
93046470,2006718,0,0,S,121500,500,2006704,1967308
93046470,2006719,0,0,S,121500,2000,2006704,1977696
93046470,2006720,0,0,S,121500,2000,2006704,1982285
93046610,2009131,C,0, ,0,4300,1891346,0
93046850,2013583,C,0, ,0,600,0,238228
93046860,2013665,0,0,B,121500,200,2006704,2013664
93047030,2015817,0,0,B,121500,1000,2006704,2015816
93047120,2017084,C,0, ,0,1000,0,591652
93047250,2018586,0,0,B,121500,3000,2006704,2018585
93047310,2019301,0,0,B,121500,6100,2006704,2019300
93047320,2019466,0,0,B,121500,200,2006704,2019465
93047320,2019481,C,0, ,0,500,1429271,0
93047370,2020048,0,0,B,121500,500,2006704,2020047
93047370,2020051,0,0,B,121500,600,2006704,2020050
93047490,2021386,0,0,B,121500,1000,2006704,2021385
93047630,2023418,0,0,B,121500,200,2006704,2023417
93047670,2023805,0,0,B,121500,400,2006704,2023804
93047710,2024277,0,0,B,121500,400,2006704,2024276
93048080,2028245,0,0,B,121500,2900,2006704,2028244
93048150,2029054,0,0,S,121400,400,2029053,80247
93048150,2029057,C,0, ,0,400,1444133,0
93048150,2029104,0,0,B,121500,13500,2006704,2029103
93048150,2029106,0,0,B,121500,1500,2006704,2029105
93048150,2029148,C,0, ,0,8100,1653206,0
93048150,2029169,C,0, ,0,8100,1653215,0
93048180,2030355,0,0,B,121500,700,2006704,2030354
93048180,2030547,0,0,B,121500,300,2006704,2030546
93048240,2032161,0,0,B,121500,2300,2006704,2032160
93048240,2032169,0,0,B,121500,700,2006704,2032168
93048240,2032215,0,0,B,121500,1000,2006704,2032214
93048240,2032273,0,0,B,121500,700,2006704,2032272
93048290,2033781,0,0,B,121500,1900,2006704,2033780
93048300,2034042,C,0, ,0,1000,0,306382
93048380,2036217,0,0,B,121500,300,2006704,2036216
93048660,2042030,0,0,B,121500,200,2006704,2042029
93048780,2044726,C,0, ,0,500,1333251,0
93048880,2046141,C,0, ,0,1100,1424342,0
93048900,2046305,C,0, ,0,100,1548648,0
93048930,2046756,0,0,B,121500,1000,2006704,2046755
93049070,2048649,0,0,S,121400,100,2048648,80247
93049070,2048650,0,0,S,121400,1300,2048648,362420
93049230,2051714,0,0,B,121500,200,2006704,2051713
93049240,2051877,0,0,B,121500,100,2006704,2051876
93049300,2053020,0,0,S,121400,1600,2053019,362420
93049300,2053069,0,0,B,121500,800,2006704,2053068
93049370,2054593,0,0,B,121500,1000,2006704,2054592
93049460,2056012,C,0, ,0,4500,0,411318
93049670,2059440,0,0,B,121500,100,2006704,2059439
93049730,2060556,0,0,B,121500,100,2006704,2060555
93049810,2062031,C,0, ,0,300,0,401561
93049950,2063743,C,0, ,0,100,1390003,0
93049970,2063989,0,0,B,121500,2000,2006704,2063988
93050090,2065689,C,0, ,0,900,0,1025106
93050250,2067513,0,0,B,121500,100,2006704,2067512
93050290,2067943,0,0,B,121500,900,2006704,2067942
93050360,2068619,C,0, ,0,1000,1800447,0
93050370,2068757,0,0,B,121500,500,2006704,2068756
93050690,2071999,0,0,B,121500,300,2006704,2071998
93050770,2072879,0,0,B,121500,100,2006704,2072878
93050810,2073266,C,0, ,0,600,1747536,0
93051040,2075915,C,0, ,0,900,2047571,0
93051160,2077314,0,0,B,121500,100,2006704,2077313
93051170,2077522,0,0,S,121400,1300,2077521,362420
93051170,2077523,0,0,S,121400,500,2077521,408132
93051170,2077524,0,0,S,121400,200,2077521,596670
93051170,2077533,0,0,B,121500,800,2006704,2077532
93051170,2077534,0,0,B,121500,2000,2040851,2077532
93051170,2077535,0,0,B,121500,400,2048180,2077532
93051170,2077536,0,0,B,121500,300,2062888,2077532
93051170,2077537,0,0,B,121500,400,2063531,2077532
93051170,2077538,0,0,B,121500,100,2067769,2077532
93051170,2077539,0,0,B,121500,900,2076058,2077532
93051170,2077562,0,0,B,121600,400,2006197,2077561
93051180,2077564,0,0,B,121600,300,2006197,2077563
93051180,2077570,0,0,B,121600,700,2006197,2077569
93051180,2077576,0,0,B,121600,900,2006197,2077575
93051180,2077578,0,0,B,121600,700,2006197,2077577
93051180,2077581,0,0,B,121600,200,2006197,2077580
93051180,2077582,0,0,B,121600,400,2029875,2077580
93051180,2077583,0,0,B,121600,100,2058039,2077580
93051180,2077585,0,0,B,121600,200,2063547,2077584
93051180,2077586,0,0,B,121600,200,2069955,2077584
93051180,2077588,0,0,B,121600,700,2069955,2077587
93051190,2078069,0,0,B,121600,100,2069955,2078068
93051350,2081197,0,0,B,121600,300,2069955,2081196
93051350,2081198,0,0,B,121700,500,1933346,2081196
93051540,2084338,0,0,S,121500,100,2084337,2077532
93051540,2084339,0,0,S,121500,100,2084337,2077542
93051540,2084340,0,0,S,121500,300,2084337,2077607
93051540,2084341,0,0,S,121500,200,2084337,2077609
93051540,2084342,0,0,S,121500,100,2084337,2077610
93051540,2084343,0,0,S,121500,1200,2084337,2077611
93051630,2085721,0,0,S,121500,2700,2085720,2077611
93051630,2085722,0,0,S,121500,200,2085720,2077614
93051940,2091161,0,0,B,121700,400,1933346,2091160
93052660,2103439,C,0, ,0,5000,0,2077723
93052660,2103441,C,0, ,0,5000,0,2077725
93052660,2103452,C,0, ,0,200,0,2077800
93052660,2103456,C,0, ,0,2200,0,2077727
93052660,2103490,C,0, ,0,5000,0,2077895
93052670,2103629,C,0, ,0,1400,0,2077815
93052920,2107379,0,0,S,121500,400,2107378,2077614
93053060,2109073,0,0,B,121700,400,1933346,2109072
93053130,2110130,C,0, ,0,100,0,1914045
93053230,2111203,C,0, ,0,100,0,2078519
93054000,2120436,0,0,S,121600,100,2120435,2113716
93054000,2120437,0,0,S,121600,100,2120435,2114269
93054000,2120438,0,0,S,121600,100,2120435,2118318
93054000,2120439,0,0,S,121500,400,2120435,2078168
93054000,2120440,0,0,S,121500,2000,2120435,2078675
93054000,2120441,0,0,S,121500,200,2120435,2079867
93054150,2122728,0,0,B,121700,100,1933346,2122727
93054150,2122729,0,0,B,121700,300,1979231,2122727
93054150,2122730,0,0,B,121700,200,1985455,2122727
93054150,2122731,0,0,B,121800,600,1650723,2122727
93054490,2130475,0,0,B,121800,1200,1650723,2130474
93054570,2131429,0,0,S,121700,200,2131428,2123445
93054570,2131430,0,0,S,121600,200,2131428,2123801
93054570,2131431,0,0,S,121500,500,2131428,2087878
93054570,2131432,0,0,S,121500,100,2131428,2090318
93054570,2131433,0,0,S,121500,700,2131428,2091685
93054570,2131434,0,0,S,121500,1500,2131428,2092720
93054570,2131435,0,0,S,121500,100,2131428,2095821
93054570,2131436,0,0,S,121500,1000,2131428,2107677
93054570,2131437,0,0,S,121500,100,2131428,2111949
93054570,2131438,0,0,S,121500,200,2131428,2113568
93054570,2131439,0,0,S,121500,3400,2131428,2116665
93054910,2137324,0,0,S,121500,1400,2137323,2116665
93055060,2139367,0,0,S,121500,200,2139366,2116665
93055060,2139414,C,0, ,0,5000,0,1878059
93055080,2139712,C,0, ,0,2000,0,858457
93055120,2140273,C,0, ,0,1600,1821653,0
93055480,2146456,C,0, ,0,100,1350106,0
93055610,2148634,C,0, ,0,400,2131573,0
93055910,2153343,C,0, ,0,1000,0,790707
93056120,2156004,0,0,S,121600,500,2156003,2151626
93056120,2156005,0,0,S,121500,500,2156003,2116665
93056510,2162502,0,0,S,121700,400,2162501,2157653
93056620,2164735,C,0, ,0,800,0,594284
93056740,2166386,C,0, ,0,1000,0,401164
93056990,2169826,0,0,S,121700,100,2169825,2157653
93057020,2170352,0,0,S,121700,800,2170351,2157653
93057090,2171392,0,0,S,121700,100,2171391,2157653
93057150,2172314,C,0, ,0,300,1650371,0
93057150,2172316,0,0,S,121700,300,2172315,2157653
93057160,2172567,0,0,S,121700,100,2172566,2157653
93057160,2172570,0,0,S,121700,300,2172569,2157653
93057160,2172572,0,0,S,121700,700,2172571,2157653
93057160,2172575,0,0,S,121700,300,2172574,2157653
93057180,2172980,0,0,S,121700,600,2172979,2157653
93057180,2172985,0,0,S,121700,100,2172984,2157653
93057180,2172988,0,0,S,121700,200,2172987,2157653
93057180,2172992,0,0,S,121700,100,2172991,2157653
93057180,2172996,0,0,S,121700,200,2172995,2157653
93057180,2173000,0,0,S,121700,300,2172999,2157653
93057180,2173003,0,0,S,121700,100,2173002,2157653
93057180,2173008,0,0,S,121700,200,2173007,2157653
93057180,2173011,0,0,S,121700,600,2173010,2157653
93057180,2173019,0,0,S,121700,200,2173018,2157653
93057180,2173021,0,0,S,121700,300,2173020,2157653
93057180,2173023,0,0,S,121700,3200,2173022,2157653
93057240,2174283,0,0,B,121800,500,1650723,2174282
93057240,2174284,0,0,B,121800,200,1663993,2174282
93057240,2174285,0,0,B,121800,1000,1664185,2174282
93057240,2174286,0,0,B,121800,200,1740016,2174282
93057240,2174287,0,0,B,121800,400,1787628,2174282
93057240,2174288,0,0,B,121800,1100,1803075,2174282
93057320,2176505,C,0, ,0,5100,1891115,0
93057320,2176591,C,0, ,0,1000,0,383297
93057320,2176595,0,0,S,121700,1700,2176594,2157653
93057320,2176596,0,0,S,121700,100,2176594,2174634
93057320,2176597,0,0,S,121500,3200,2176594,2116665
93057440,2180038,C,0, ,0,500,0,429506
93057510,2182498,C,0, ,0,200,0,2117623
93057510,2182502,C,0, ,0,100,0,2117985
93057580,2183889,0,0,B,121800,100,1803075,2183888
93057580,2183890,0,0,B,121800,100,1899377,2183888
93057590,2184180,0,0,B,121800,100,1899377,2184179
93057590,2184181,0,0,B,121800,300,1928315,2184179
93057590,2184182,0,0,B,121800,200,2172723,2184179
93057760,2188263,0,0,B,121800,200,2172723,2188262
93057770,2188647,C,0, ,0,500,1864380,0
93057790,2189071,0,0,B,121800,200,2172723,2189070
93057880,2190973,0,0,B,121800,800,2172723,2190972
93058340,2200537,0,0,S,121700,800,2200536,2191526
93058520,2203880,0,0,S,121700,400,2203879,2191526
93058590,2205355,0,0,S,121700,100,2205354,2191526
93058660,2206434,C,0, ,0,20000,0,936947
93059840,2224957,C,0, ,0,8900,1871213,0
93059840,2225055,0,0,S,121700,200,2225054,2191526
