date,code,signal,forward_return_5d,forward_return_20d,fwd5_32,fwd20_32,missing,fwd5_32_tr,fwd20_32_tr,fwd5_64,fwd20_64,fwd5_64_t64,fwd20_64_t64
2024-09-27,000525.SZ,-0.3967858902075204,0.08533847,0.14143813,0.08533847,0.14143813,false,0.08533847,0.14143813,0.08533855623950748,0.14143816452154456,0.08533855623950748,0.14143816452154456
2024-09-30,000525.SZ,0.3735137758490098,0.104157686,0.15516496,0.104157686,0.15516496,false,0.104157686,0.15516496,0.10415773681954565,0.15516502357479633,0.10415773681954565,0.15516502357479633
2024-10-08,000525.SZ,0.5651685994813829,0.076396585,0.15580499,0.076396585,0.15580499,false,0.076396585,0.15580499,0.07639649507119373,0.15580503833515857,0.07639649507119373,0.15580503833515857
2024-10-09,000525.SZ,0.863997931277736,0.026339889,0.08295107,0.026339889,0.08295107,false,0.026339889,0.08295107,0.026339929236010917,0.08295112042982566,0.026339929236010917,0.08295112042982566
2024-10-10,000525.SZ,0.8541298999772026,0.013080001,0.047792673,0.013080001,0.047792673,false,0.013080001,0.047792673,0.0130801157087157,0.04779273047415411,0.0130801157087157,0.04779273047415411
2024-10-11,000525.SZ,0.8704416750347809,0.062258363,0.075663805,0.062258363,0.075663805,false,0.062258363,0.075663805,0.06225831399845316,0.07566383088424833,0.06225831399845316,0.07566383088424833
2024-10-14,000525.SZ,0.9114355535325006,0.038431644,,0.038431644,,false,0.038431644,0.3467908,0.03843167701863348,,0.03843167701863348,0.346790890269151
2024-10-15,000525.SZ,0.9191054479131798,0.018952012,,0.018952012,,false,0.018952012,0.26303744,0.01895192063088258,,0.01895192063088258,0.2630373950648688
2024-10-16,000525.SZ,0.9212517294519342,0.042773247,,0.042773247,,false,0.042773247,0.20978034,0.04277323799795729,,0.04277323799795729,0.20978038815117483
2024-10-17,000525.SZ,0.9122342230936028,0.033271313,,0.033271313,,false,0.033271313,0.12240851,0.03327126008690273,,0.03327126008690273,0.12240844196151457
2024-10-18,000525.SZ,0.8895927386011427,0.0044897795,,0.0044897795,,false,0.0044897795,0.047202945,0.004489746390001104,,0.004489746390001104,0.04720300934352628
2024-10-21,000525.SZ,0.9029243858305386,0.036261678,,0.036261678,,false,0.036261678,0.026915789,0.03626168224299087,,0.03626168224299087,0.02691588785046717
2024-10-22,000525.SZ,0.9485357085126217,0.0054923296,,0.0054923296,,false,0.0054923296,-0.016976655,0.005492447884159146,,0.005492447884159146,-0.01697665709649232
2024-10-23,000525.SZ,0.9282791992825682,0.020080805,,0.020080805,,false,0.020080805,-0.07934368,0.020080813028039657,,0.020080813028039657,-0.07934370025713244
2024-10-24,000525.SZ,1.0453946516328785,0.0009610653,,0.0009610653,,false,0.0009610653,-0.085906625,0.0009611918779286466,,0.0009611918779286466,-0.08590652408987154
2024-10-25,000525.SZ,1.1856618254250075,-0.014375508,,-0.014375508,,false,-0.014375508,-0.080937564,-0.014375453007972716,,-0.014375453007972716,-0.08093742449867103
2024-10-28,000525.SZ,1.2032080670019323,-0.02777785,,-0.02777785,,false,-0.02777785,-0.090428114,-0.027777777777778012,,-0.027777777777778012,-0.09042809042809052
2024-10-29,000525.SZ,1.141365615754714,0.04804468,,0.04804468,,false,0.04804468,-0.07337052,0.04804469273743028,,0.04804469273743028,-0.07337057728119178
2024-10-30,000525.SZ,1.1303170535011635,-0.008042216,,-0.008042216,,false,-0.008042216,-0.13611805,-0.008042251830512548,,-0.008042251830512548,-0.1361181130716601
2024-10-31,000525.SZ,1.186455772700033,0.0,,0.0,,false,0.0,-0.09746724,0.0,,0.0,-0.09746729084143568
2024-11-01,000525.SZ,1.276451418885419,0.02279687,,0.02279687,,false,0.02279687,-0.11386198,0.022796911386199215,,0.022796911386199215,-0.11386199289128573
2024-11-04,000525.SZ,1.0966349558292545,,,,,false,0.28732228,-0.08781695,,,0.287322201607916,-0.08781694495980208
2024-11-05,000525.SZ,0.9861322161311482,,,,,false,0.17626166,-0.10672814,,,0.17626154939587768,-0.10672826344468145
2024-11-06,000525.SZ,0.6156694782726028,,,,,false,0.14653921,-0.08337355,,,0.14653920619554683,-0.08337366892545983
2024-11-07,000525.SZ,0.7506559856983928,,,,,false,0.08522391,-0.08546388,,,0.08522386268155069,-0.0854639299003721
2024-11-08,000525.SZ,0.7129523749976865,,,,,false,0.03415227,-0.08436179,,,0.03415218693828659,-0.08436189334931088
2024-11-11,000525.SZ,0.7294441233409275,,,,,true,,,,,,
2024-11-12,000525.SZ,0.727917886704118,,,,,true,,,,,,
2024-11-13,000525.SZ,0.7338535453802714,,,,,true,,,,,,
2024-11-14,000525.SZ,0.8364587369482601,,,,,true,,,,,,
2024-11-15,000525.SZ,0.871529081731174,,,,,true,,,,,,
2024-11-18,000525.SZ,0.9743397812727013,,,,,true,,,,,,
2024-11-19,000525.SZ,0.9964229118505528,,,,,true,,,,,,
2024-11-20,000525.SZ,1.046008865854488,,,,,true,,,,,,
2024-11-21,000525.SZ,1.0792701916206364,,,,,true,,,,,,
2024-11-22,000525.SZ,1.1560131314522972,,,,,true,,,,,,
2024-11-25,000525.SZ,1.14991588158919,,,,,true,,,,,,
2024-11-26,000525.SZ,1.2304707581397238,,,,,true,,,,,,
2024-11-27,000525.SZ,1.3772291319903505,,,,,true,,,,,,
2024-11-28,000525.SZ,1.369095376442264,,,,,true,,,,,,
2024-11-29,000525.SZ,1.395441730564901,,,,,true,,,,,,
2024-12-02,000525.SZ,1.4125021345724171,,,,,true,,,,,,
2024-12-03,000525.SZ,1.6028762833646713,,,,,true,,,,,,
2024-12-04,000525.SZ,1.615029384481419,,,,,true,,,,,,
2024-12-05,000525.SZ,1.5900165338850407,,,,,true,,,,,,
2024-12-06,000525.SZ,1.6035135329270163,,,,,true,,,,,,
2024-12-09,000525.SZ,1.6119602961541013,,,,,true,,,,,,
2024-12-10,000525.SZ,1.5974017854282954,,,,,true,,,,,,
2024-12-11,000525.SZ,1.6002103005296178,,,,,true,,,,,,
2024-12-12,000525.SZ,1.5551133405347097,,,,,true,,,,,,
2024-12-13,000525.SZ,-1.9687154573399732,-0.17083013,-0.26585317,-0.17083013,-0.26585317,false,-0.20820528,-0.25624526,-0.17083013066871644,-0.26585318985395856,-0.20820522674865494,-0.2562451960030746
2024-12-16,000525.SZ,-2.177834851016706,-0.17009062,-0.22044313,-0.17009062,-0.22044313,false,-0.20694858,-0.23383689,-0.17009063444108763,-0.2204431017119839,-0.20694864048338368,-0.23383685800604226
2024-12-17,000525.SZ,-2.0551349964110326,,,,,true,,,,,,
2024-12-18,000525.SZ,-2.1773395410262077,-0.20643795,-0.19356197,-0.20643795,-0.19356197,false,-0.20643795,-0.19356197,-0.2064379947229552,-0.19356200527704492,-0.2064379947229552,-0.19356200527704492
2024-12-19,000525.SZ,-2.2433401380506184,-0.15850025,-0.12288463,-0.15850025,-0.12288463,false,-0.15850025,-0.12288463,-0.1585001659108506,-0.1228846366552373,-0.1585001659108506,-0.1228846366552373
2024-12-20,000525.SZ,-2.3624181365372876,-0.11842418,-0.11714947,-0.11842418,-0.11714947,false,-0.11842418,-0.11714947,-0.11842410196987252,-0.11714947856315183,-0.11842410196987252,-0.11714947856315183
2024-12-23,000525.SZ,-2.2696909544022446,-0.08215016,-0.09294987,-0.08215016,-0.09294987,false,-0.08215016,-0.09294987,-0.08215022448731946,-0.0929498847227278,-0.08215022448731946,-0.0929498847227278
2024-12-24,000525.SZ,-2.3641360705194376,-0.052190483,-0.049396932,-0.052190483,-0.049396932,false,-0.052190483,-0.049396932,-0.05219047619047623,-0.04939682539682544,-0.05219047619047623,-0.04939682539682544
2024-12-25,000525.SZ,-2.405141009467334,-0.042824864,-0.019151509,-0.042824864,-0.019151509,false,-0.042824864,-0.019151509,-0.04282484372921924,-0.01915148290996138,-0.04282484372921924,-0.01915148290996138
2024-12-26,000525.SZ,-2.4084121924652093,-0.011698127,-0.04232377,-0.011698127,-0.04232377,false,-0.011698127,-0.04232377,-0.011698212407991626,-0.042323869610935816,-0.011698212407991626,-0.042323869610935816
2024-12-27,000525.SZ,-2.428707010892526,-0.049684405,-0.07150352,-0.049684405,-0.07150352,false,-0.049684405,-0.07150352,-0.04968454258675081,-0.07150368033648791,-0.04968454258675081,-0.07150368033648791
2024-12-30,000525.SZ,-2.4736264314281664,-0.024986744,-0.06028551,-0.024986744,-0.06028551,false,-0.024986744,-0.06028551,-0.02498677948175565,-0.060285563194077185,-0.02498677948175565,-0.060285563194077185
2024-12-31,000525.SZ,-2.4707163946934902,0.010316253,-0.041666687,0.010316253,-0.041666687,false,0.010316253,-0.041666687,0.010316184351554014,-0.04166666666666663,0.010316184351554014,-0.04166666666666663
2025-01-02,000525.SZ,-2.5300035803367016,0.052521944,0.0077810287,0.052521944,0.0077810287,false,0.052521944,0.0077810287,0.05252188411838277,0.007781019869389949,0.05252188411838277,0.007781019869389949
2025-01-03,000525.SZ,-2.5169945972788788,0.013299584,-0.030988216,0.013299584,-0.030988216,false,0.013299584,-0.030988216,0.013299640909695487,-0.03098816331959031,0.013299640909695487,-0.03098816331959031
2025-01-06,000525.SZ,-2.5477022935945373,0.0568465,-0.0015214682,0.0568465,-0.0015214682,false,0.0568465,-0.0015214682,0.05684647302904566,-0.0015214384508990264,0.05684647302904566,-0.0015214384508990264
2025-01-07,000525.SZ,-2.498298052657311,0.049627066,-0.02413559,0.049627066,-0.02413559,false,0.049627066,-0.02413559,0.04962711864406777,-0.02413559322033898,0.04962711864406777,-0.02413559322033898
2025-01-08,000525.SZ,-2.5645368715128134,0.008884668,-0.047076106,0.008884668,-0.047076106,false,0.008884668,-0.047076106,0.008884763293992792,-0.04707598461742468,0.008884763293992792,-0.04707598461742468
2025-01-09,000525.SZ,-2.6242093825913186,0.008712769,-0.05874592,0.008712769,-0.05874592,false,0.008712769,-0.05874592,0.00871287128712872,-0.058745874587458835,0.00871287128712872,-0.058745874587458835
2025-01-10,000525.SZ,-2.607590889851367,0.04081905,-0.055387855,0.04081905,-0.055387855,false,0.04081905,-0.055387855,0.040819005118782004,-0.05538784617403858,0.040819005118782004,-0.05538784617403858
2025-01-13,000525.SZ,-0.03505168256230801,-0.0028792024,-0.056668103,-0.0028792024,-0.056668103,false,-0.0028792024,-0.056668103,-0.0028792042926318873,-0.056667975395890524,-0.0028792042926318873,-0.056667975395890524
2025-01-14,000525.SZ,0.1179672188338558,-0.034362435,-0.06743306,-0.034362435,-0.06743306,false,-0.034362435,-0.06743306,-0.03436248546699383,-0.0674331481720708,-0.03436248546699383,-0.0674331481720708
2025-01-15,000525.SZ,0.059574039209684064,-0.016035795,-0.059805393,-0.016035795,-0.059805393,false,-0.016035795,-0.059805393,-0.016035751840168255,-0.05980546792849628,-0.016035751840168255,-0.05980546792849628
2025-01-16,000525.SZ,0.11357857427468,-0.03481227,-0.07695335,-0.03481227,-0.07695335,false,-0.03481227,-0.07695335,-0.03481219735636687,-0.07695327836670585,-0.03481219735636687,-0.07695327836670585
2025-01-17,000525.SZ,0.06069677352948077,-0.08121061,-0.112105906,-0.08121061,-0.112105906,false,-0.08121061,-0.112105906,-0.0812105926860025,-0.11210592686002518,-0.0812105926860025,-0.11210592686002518
2025-01-20,000525.SZ,0.089390818013926,-0.07284415,-0.0947631,-0.07284415,-0.0947631,false,-0.07284415,-0.0947631,-0.07284420527628299,-0.09476309226932667,-0.07284420527628299,-0.09476309226932667
2025-01-21,000525.SZ,0.0758104537421329,-0.049096942,-0.07732439,-0.049096942,-0.07732439,false,-0.049096942,-0.07732439,-0.049096989966555205,-0.07732441471571905,-0.049096989966555205,-0.07732441471571905
2025-01-22,000525.SZ,0.19458942977122798,-0.044482946,-0.0490247,-0.044482946,-0.0490247,false,-0.044482946,-0.0490247,-0.04448303499866413,-0.049024846379909226,-0.04448303499866413,-0.049024846379909226
2025-01-23,000525.SZ,0.3147010229125075,-0.016542375,-0.040677965,-0.016542375,-0.040677965,false,-0.016542375,-0.040677965,-0.01654237288135596,-0.04067796610169494,-0.01654237288135596,-0.04067796610169494
2025-01-24,000525.SZ,0.3273684474502407,0.0,-0.021410882,0.0,-0.021410882,false,0.0,-0.021410882,0.0,-0.021410925061762343,0.0,-0.021410925061762343
