name	family	stem	yaml_old	yaml_new	md_old	md_new
amihud_illiq_20d	liquidity	20d	research/factor/amihud_illiq_20d.yaml	research/factor/liquidity/20d.yaml	research/docs/factors/amihud_illiq_20d.md	research/docs/factors/liquidity/20d.md
amihud_illiq_turn_20d	liquidity	turn_20d	research/factor/amihud_illiq_turn_20d.yaml	research/factor/liquidity/turn_20d.yaml	research/docs/factors/amihud_illiq_turn_20d.md	research/docs/factors/liquidity/turn_20d.md
closing_strength_20d	misc	closing_strength_20d	research/factor/closing_strength_20d.yaml	research/factor/misc/closing_strength_20d.yaml	research/docs/factors/closing_strength_20d.md	research/docs/factors/misc/closing_strength_20d.md
crash_bottom_leader	crash_bottom_leader	crash_bottom_leader	research/factor/crash_bottom_leader.yaml	research/factor/crash_bottom_leader/crash_bottom_leader.yaml	research/docs/factors/crash_bottom_leader.md	research/docs/factors/crash_bottom_leader/crash_bottom_leader.md
crash_bottom_leader_adv20	crash_bottom_leader	adv20	research/factor/crash_bottom_leader_adv20.yaml	research/factor/crash_bottom_leader/adv20.yaml	research/docs/factors/crash_bottom_leader_adv20.md	research/docs/factors/crash_bottom_leader/adv20.md
crash_bottom_leader_adv_mv	crash_bottom_leader	adv_mv	research/factor/crash_bottom_leader_adv_mv.yaml	research/factor/crash_bottom_leader/adv_mv.yaml	research/docs/factors/crash_bottom_leader_adv_mv.md	research/docs/factors/crash_bottom_leader/adv_mv.md
crash_bottom_leader_dd	crash_bottom_leader	dd	research/factor/crash_bottom_leader_dd.yaml	research/factor/crash_bottom_leader/dd.yaml	research/docs/factors/crash_bottom_leader_dd.md	research/docs/factors/crash_bottom_leader/dd.md
crash_bottom_leader_mom10	crash_bottom_leader	mom10	research/factor/crash_bottom_leader_mom10.yaml	research/factor/crash_bottom_leader/mom10.yaml	research/docs/factors/crash_bottom_leader_mom10.md	research/docs/factors/crash_bottom_leader/mom10.md
crash_bottom_leader_timed	crash_bottom_leader	timed	research/factor/crash_bottom_leader_timed.yaml	research/factor/crash_bottom_leader/timed.yaml	research/docs/factors/crash_bottom_leader_timed.md	research/docs/factors/crash_bottom_leader/timed.md
crash_bottom_leader_timed_m6	crash_bottom_leader	timed_m6	research/factor/crash_bottom_leader_timed_m6.yaml	research/factor/crash_bottom_leader/timed_m6.yaml	research/docs/factors/crash_bottom_leader_timed_m6.md	research/docs/factors/crash_bottom_leader/timed_m6.md
crash_bottom_leader_timed_stable	crash_bottom_leader	timed_stable	research/factor/crash_bottom_leader_timed_stable.yaml	research/factor/crash_bottom_leader/timed_stable.yaml	research/docs/factors/crash_bottom_leader_timed_stable.md	research/docs/factors/crash_bottom_leader/timed_stable.md
dividend_yield	dividend	yield	research/factor/dividend_yield.yaml	research/factor/dividend/yield.yaml	research/docs/factors/dividend_yield.md	research/docs/factors/dividend/yield.md
low_downside_vol_20d	volatility	vol_20d	research/factor/low_downside_vol_20d.yaml	research/factor/volatility/vol_20d.yaml	research/docs/factors/low_downside_vol_20d.md	research/docs/factors/volatility/vol_20d.md
low_vol_20d	volatility	low_vol_20d	research/factor/low_vol_20d.yaml	research/factor/volatility/low_vol_20d.yaml	research/docs/factors/low_vol_20d.md	research/docs/factors/volatility/low_vol_20d.md
max_effect_20d	volatility	max_effect_20d	research/factor/max_effect_20d.yaml	research/factor/volatility/max_effect_20d.yaml	research/docs/factors/max_effect_20d.md	research/docs/factors/volatility/max_effect_20d.md
max_effect_5d	volatility	5d	research/factor/max_effect_5d.yaml	research/factor/volatility/5d.yaml	research/docs/factors/max_effect_5d.md	research/docs/factors/volatility/5d.md
momentum_20d	momentum_20d	momentum_20d	research/factor/momentum_20d.yaml	research/factor/momentum_20d/momentum_20d.yaml	research/docs/factors/momentum_20d.md	research/docs/factors/momentum_20d/momentum_20d.md
momentum_20d_cumret_turn	momentum_20d	cumret_turn	research/factor/momentum_20d_cumret_turn.yaml	research/factor/momentum_20d/cumret_turn.yaml	research/docs/factors/momentum_20d_cumret_turn.md	research/docs/factors/momentum_20d/cumret_turn.md
momentum_20d_decile	momentum_20d	decile	research/factor/momentum_20d_decile.yaml	research/factor/momentum_20d/decile.yaml	research/docs/factors/momentum_20d_decile.md	research/docs/factors/momentum_20d/decile.md
momentum_20d_decile5	momentum_20d	decile5	research/factor/momentum_20d_decile5.yaml	research/factor/momentum_20d/decile5.yaml	research/docs/factors/momentum_20d_decile5.md	research/docs/factors/momentum_20d/decile5.md
momentum_20d_downtrend	momentum_20d	downtrend	research/factor/momentum_20d_downtrend.yaml	research/factor/momentum_20d/downtrend.yaml	research/docs/factors/momentum_20d_downtrend.md	research/docs/factors/momentum_20d/downtrend.md
momentum_20d_m120	momentum_20d	m120	research/factor/momentum_20d_m120.yaml	research/factor/momentum_20d/m120.yaml	research/docs/factors/momentum_20d_m120.md	research/docs/factors/momentum_20d/m120.md
momentum_20d_m60	momentum_20d	m60	research/factor/momentum_20d_m60.yaml	research/factor/momentum_20d/m60.yaml	research/docs/factors/momentum_20d_m60.md	research/docs/factors/momentum_20d/m60.md
momentum_20d_net60	momentum_20d	net60	research/factor/momentum_20d_net60.yaml	research/factor/momentum_20d/net60.yaml	research/docs/factors/momentum_20d_net60.md	research/docs/factors/momentum_20d/net60.md
momentum_20d_open	momentum_20d	open	research/factor/momentum_20d_open.yaml	research/factor/momentum_20d/open.yaml	research/docs/factors/momentum_20d_open.md	research/docs/factors/momentum_20d/open.md
momentum_20d_turnrank	momentum_20d	turnrank	research/factor/momentum_20d_turnrank.yaml	research/factor/momentum_20d/turnrank.yaml	research/docs/factors/momentum_20d_turnrank.md	research/docs/factors/momentum_20d/turnrank.md
momentum_20d_turnrank_avg20	momentum_20d	turnrank_avg20	research/factor/momentum_20d_turnrank_avg20.yaml	research/factor/momentum_20d/turnrank_avg20.yaml	research/docs/factors/momentum_20d_turnrank_avg20.md	research/docs/factors/momentum_20d/turnrank_avg20.md
momentum_20d_turnrank_extreme	momentum_20d	turnrank_extreme	research/factor/momentum_20d_turnrank_extreme.yaml	research/factor/momentum_20d/turnrank_extreme.yaml	research/docs/factors/momentum_20d_turnrank_extreme.md	research/docs/factors/momentum_20d/turnrank_extreme.md
momentum_20d_turnrank_lowturn	momentum_20d	turnrank_lowturn	research/factor/momentum_20d_turnrank_lowturn.yaml	research/factor/momentum_20d/turnrank_lowturn.yaml	research/docs/factors/momentum_20d_turnrank_lowturn.md	research/docs/factors/momentum_20d/turnrank_lowturn.md
momentum_20d_turnrank_quad	momentum_20d	turnrank_quad	research/factor/momentum_20d_turnrank_quad.yaml	research/factor/momentum_20d/turnrank_quad.yaml	research/docs/factors/momentum_20d_turnrank_quad.md	research/docs/factors/momentum_20d/turnrank_quad.md
momentum_20d_turnrank_vol	momentum_20d	turnrank_vol	research/factor/momentum_20d_turnrank_vol.yaml	research/factor/momentum_20d/turnrank_vol.yaml	research/docs/factors/momentum_20d_turnrank_vol.md	research/docs/factors/momentum_20d/turnrank_vol.md
momentum_20d_vol_extreme	momentum_20d	vol_extreme	research/factor/momentum_20d_vol_extreme.yaml	research/factor/momentum_20d/vol_extreme.yaml	research/docs/factors/momentum_20d_vol_extreme.md	research/docs/factors/momentum_20d/vol_extreme.md
momentum_20d_volrank	momentum_20d	volrank	research/factor/momentum_20d_volrank.yaml	research/factor/momentum_20d/volrank.yaml	research/docs/factors/momentum_20d_volrank.md	research/docs/factors/momentum_20d/volrank.md
momentum_20d_vwap	momentum_20d	vwap	research/factor/momentum_20d_vwap.yaml	research/factor/momentum_20d/vwap.yaml	research/docs/factors/momentum_20d_vwap.md	research/docs/factors/momentum_20d/vwap.md
momentum_20d_vwap_turn	momentum_20d	vwap_turn	research/factor/momentum_20d_vwap_turn.yaml	research/factor/momentum_20d/vwap_turn.yaml	research/docs/factors/momentum_20d_vwap_turn.md	research/docs/factors/momentum_20d/vwap_turn.md
quality_defensive	quality	defensive	research/factor/quality_defensive.yaml	research/factor/quality/defensive.yaml	research/docs/factors/quality_defensive.md	research/docs/factors/quality/defensive.md
reversal_10d_cumret	reversal_10d	cumret	research/factor/reversal_10d_cumret.yaml	research/factor/reversal_10d/cumret.yaml	research/docs/factors/reversal_10d_cumret.md	research/docs/factors/reversal_10d/cumret.md
reversal_10d_intraday	reversal_10d	intraday	research/factor/reversal_10d_intraday.yaml	research/factor/reversal_10d/intraday.yaml	research/docs/factors/reversal_10d_intraday.md	research/docs/factors/reversal_10d/intraday.md
reversal_10d_intraday_extreme	reversal_10d	intraday_extreme	research/factor/reversal_10d_intraday_extreme.yaml	research/factor/reversal_10d/intraday_extreme.yaml	research/docs/factors/reversal_10d_intraday_extreme.md	research/docs/factors/reversal_10d/intraday_extreme.md
reversal_20d	reversal_20d	reversal_20d	research/factor/reversal_20d.yaml	research/factor/reversal_20d/reversal_20d.yaml	research/docs/factors/reversal_20d.md	research/docs/factors/reversal_20d/reversal_20d.md
reversal_20d_civ_extreme	reversal_20d	civ_extreme	research/factor/reversal_20d_civ_extreme.yaml	research/factor/reversal_20d/civ_extreme.yaml	research/docs/factors/reversal_20d_civ_extreme.md	research/docs/factors/reversal_20d/civ_extreme.md
reversal_20d_closepos	reversal_20d	closepos	research/factor/reversal_20d_closepos.yaml	research/factor/reversal_20d/closepos.yaml	research/docs/factors/reversal_20d_closepos.md	research/docs/factors/reversal_20d/closepos.md
reversal_20d_corr10_intraday	reversal_20d	corr10_intraday	research/factor/reversal_20d_corr10_intraday.yaml	research/factor/reversal_20d/corr10_intraday.yaml	research/docs/factors/reversal_20d_corr10_intraday.md	research/docs/factors/reversal_20d/corr10_intraday.md
reversal_20d_corr_flow	reversal_20d	corr_flow	research/factor/reversal_20d_corr_flow.yaml	research/factor/reversal_20d/corr_flow.yaml	research/docs/factors/reversal_20d_corr_flow.md	research/docs/factors/reversal_20d/corr_flow.md
reversal_20d_corr_flow30	reversal_20d	corr_flow30	research/factor/reversal_20d_corr_flow30.yaml	research/factor/reversal_20d/corr_flow30.yaml	research/docs/factors/reversal_20d_corr_flow30.md	research/docs/factors/reversal_20d/corr_flow30.md
reversal_20d_corr_flow_intraday	reversal_20d	corr_flow_intraday	research/factor/reversal_20d_corr_flow_intraday.yaml	research/factor/reversal_20d/corr_flow_intraday.yaml	research/docs/factors/reversal_20d_corr_flow_intraday.md	research/docs/factors/reversal_20d/corr_flow_intraday.md
reversal_20d_corr_intraday	reversal_20d	corr_intraday	research/factor/reversal_20d_corr_intraday.yaml	research/factor/reversal_20d/corr_intraday.yaml	research/docs/factors/reversal_20d_corr_intraday.md	research/docs/factors/reversal_20d/corr_intraday.md
reversal_20d_corr_intraday_turn	reversal_20d	corr_intraday_turn	research/factor/reversal_20d_corr_intraday_turn.yaml	research/factor/reversal_20d/corr_intraday_turn.yaml	research/docs/factors/reversal_20d_corr_intraday_turn.md	research/docs/factors/reversal_20d/corr_intraday_turn.md
reversal_20d_corr_intraday_turn_vol	reversal_20d	corr_intraday_turn_vol	research/factor/reversal_20d_corr_intraday_turn_vol.yaml	research/factor/reversal_20d/corr_intraday_turn_vol.yaml	research/docs/factors/reversal_20d_corr_intraday_turn_vol.md	research/docs/factors/reversal_20d/corr_intraday_turn_vol.md
reversal_20d_corr_skew	reversal_20d	corr_skew	research/factor/reversal_20d_corr_skew.yaml	research/factor/reversal_20d/corr_skew.yaml	research/docs/factors/reversal_20d_corr_skew.md	research/docs/factors/reversal_20d/corr_skew.md
reversal_20d_corr_turn	reversal_20d	corr_turn	research/factor/reversal_20d_corr_turn.yaml	research/factor/reversal_20d/corr_turn.yaml	research/docs/factors/reversal_20d_corr_turn.md	research/docs/factors/reversal_20d/corr_turn.md
reversal_20d_corr_turn_flow	reversal_20d	corr_turn_flow	research/factor/reversal_20d_corr_turn_flow.yaml	research/factor/reversal_20d/corr_turn_flow.yaml	research/docs/factors/reversal_20d_corr_turn_flow.md	research/docs/factors/reversal_20d/corr_turn_flow.md
reversal_20d_corr_turn_flow30	reversal_20d	corr_turn_flow30	research/factor/reversal_20d_corr_turn_flow30.yaml	research/factor/reversal_20d/corr_turn_flow30.yaml	research/docs/factors/reversal_20d_corr_turn_flow30.md	research/docs/factors/reversal_20d/corr_turn_flow30.md
reversal_20d_corr_turn_intraday	reversal_20d	corr_turn_intraday	research/factor/reversal_20d_corr_turn_intraday.yaml	research/factor/reversal_20d/corr_turn_intraday.yaml	research/docs/factors/reversal_20d_corr_turn_intraday.md	research/docs/factors/reversal_20d/corr_turn_intraday.md
reversal_20d_corr_turn_skew	reversal_20d	corr_turn_skew	research/factor/reversal_20d_corr_turn_skew.yaml	research/factor/reversal_20d/corr_turn_skew.yaml	research/docs/factors/reversal_20d_corr_turn_skew.md	research/docs/factors/reversal_20d/corr_turn_skew.md
reversal_20d_corr_turn_vol	reversal_20d	corr_turn_vol	research/factor/reversal_20d_corr_turn_vol.yaml	research/factor/reversal_20d/corr_turn_vol.yaml	research/docs/factors/reversal_20d_corr_turn_vol.md	research/docs/factors/reversal_20d/corr_turn_vol.md
reversal_20d_corr_vol	reversal_20d	corr_vol	research/factor/reversal_20d_corr_vol.yaml	research/factor/reversal_20d/corr_vol.yaml	research/docs/factors/reversal_20d_corr_vol.md	research/docs/factors/reversal_20d/corr_vol.md
reversal_20d_cti_flow30	reversal_20d	cti_flow30	research/factor/reversal_20d_cti_flow30.yaml	research/factor/reversal_20d/cti_flow30.yaml	research/docs/factors/reversal_20d_cti_flow30.md	research/docs/factors/reversal_20d/cti_flow30.md
reversal_20d_cti_near5	reversal_20d	cti_near5	research/factor/reversal_20d_cti_near5.yaml	research/factor/reversal_20d/cti_near5.yaml	research/docs/factors/reversal_20d_cti_near5.md	research/docs/factors/reversal_20d/cti_near5.md
reversal_20d_cumret	reversal_20d	cumret	research/factor/reversal_20d_cumret.yaml	research/factor/reversal_20d/cumret.yaml	research/docs/factors/reversal_20d_cumret.md	research/docs/factors/reversal_20d/cumret.md
reversal_20d_drawdown	reversal_20d	drawdown	research/factor/reversal_20d_drawdown.yaml	research/factor/reversal_20d/drawdown.yaml	research/docs/factors/reversal_20d_drawdown.md	research/docs/factors/reversal_20d/drawdown.md
reversal_20d_five_dim	reversal_20d	five_dim	research/factor/reversal_20d_five_dim.yaml	research/factor/reversal_20d/five_dim.yaml	research/docs/factors/reversal_20d_five_dim.md	research/docs/factors/reversal_20d/five_dim.md
reversal_20d_five_dim_all	reversal_20d	five_dim_all	research/factor/reversal_20d_five_dim_all.yaml	research/factor/reversal_20d/five_dim_all.yaml	research/docs/factors/reversal_20d_five_dim_all.md	research/docs/factors/reversal_20d/five_dim_all.md
reversal_20d_five_dim_ctfi	reversal_20d	five_dim_ctfi	research/factor/reversal_20d_five_dim_ctfi.yaml	research/factor/reversal_20d/five_dim_ctfi.yaml	research/docs/factors/reversal_20d_five_dim_ctfi.md	research/docs/factors/reversal_20d/five_dim_ctfi.md
reversal_20d_five_dim_tsv	reversal_20d	five_dim_tsv	research/factor/reversal_20d_five_dim_tsv.yaml	research/factor/reversal_20d/five_dim_tsv.yaml	research/docs/factors/reversal_20d_five_dim_tsv.md	research/docs/factors/reversal_20d/five_dim_tsv.md
reversal_20d_five_dim_tsv10	reversal_20d	five_dim_tsv10	research/factor/reversal_20d_five_dim_tsv10.yaml	research/factor/reversal_20d/five_dim_tsv10.yaml	research/docs/factors/reversal_20d_five_dim_tsv10.md	research/docs/factors/reversal_20d/five_dim_tsv10.md
reversal_20d_five_dim_tsvf	reversal_20d	five_dim_tsvf	research/factor/reversal_20d_five_dim_tsvf.yaml	research/factor/reversal_20d/five_dim_tsvf.yaml	research/docs/factors/reversal_20d_five_dim_tsvf.md	research/docs/factors/reversal_20d/five_dim_tsvf.md
reversal_20d_flow_skew	reversal_20d	flow_skew	research/factor/reversal_20d_flow_skew.yaml	research/factor/reversal_20d/flow_skew.yaml	research/docs/factors/reversal_20d_flow_skew.md	research/docs/factors/reversal_20d/flow_skew.md
reversal_20d_four_dim10	reversal_20d	four_dim10	research/factor/reversal_20d_four_dim10.yaml	research/factor/reversal_20d/four_dim10.yaml	research/docs/factors/reversal_20d_four_dim10.md	research/docs/factors/reversal_20d/four_dim10.md
reversal_20d_four_dim10v10	reversal_20d	four_dim10v10	research/factor/reversal_20d_four_dim10v10.yaml	research/factor/reversal_20d/four_dim10v10.yaml	research/docs/factors/reversal_20d_four_dim10v10.md	research/docs/factors/reversal_20d/four_dim10v10.md
reversal_20d_four_dim_ctfi	reversal_20d	four_dim_ctfi	research/factor/reversal_20d_four_dim_ctfi.yaml	research/factor/reversal_20d/four_dim_ctfi.yaml	research/docs/factors/reversal_20d_four_dim_ctfi.md	research/docs/factors/reversal_20d/four_dim_ctfi.md
reversal_20d_four_dim_ctfm	reversal_20d	four_dim_ctfm	research/factor/reversal_20d_four_dim_ctfm.yaml	research/factor/reversal_20d/four_dim_ctfm.yaml	research/docs/factors/reversal_20d_four_dim_ctfm.md	research/docs/factors/reversal_20d/four_dim_ctfm.md
reversal_20d_four_dim_ctfs	reversal_20d	four_dim_ctfs	research/factor/reversal_20d_four_dim_ctfs.yaml	research/factor/reversal_20d/four_dim_ctfs.yaml	research/docs/factors/reversal_20d_four_dim_ctfs.md	research/docs/factors/reversal_20d/four_dim_ctfs.md
reversal_20d_four_dim_ctfs30	reversal_20d	four_dim_ctfs30	research/factor/reversal_20d_four_dim_ctfs30.yaml	research/factor/reversal_20d/four_dim_ctfs30.yaml	research/docs/factors/reversal_20d_four_dim_ctfs30.md	research/docs/factors/reversal_20d/four_dim_ctfs30.md
reversal_20d_four_dim_flow	reversal_20d	four_dim_flow	research/factor/reversal_20d_four_dim_flow.yaml	research/factor/reversal_20d/four_dim_flow.yaml	research/docs/factors/reversal_20d_four_dim_flow.md	research/docs/factors/reversal_20d/four_dim_flow.md
reversal_20d_four_dim_tsc	reversal_20d	four_dim_tsc	research/factor/reversal_20d_four_dim_tsc.yaml	research/factor/reversal_20d/four_dim_tsc.yaml	research/docs/factors/reversal_20d_four_dim_tsc.md	research/docs/factors/reversal_20d/four_dim_tsc.md
reversal_20d_four_dim_tsfi	reversal_20d	four_dim_tsfi	research/factor/reversal_20d_four_dim_tsfi.yaml	research/factor/reversal_20d/four_dim_tsfi.yaml	research/docs/factors/reversal_20d_four_dim_tsfi.md	research/docs/factors/reversal_20d/four_dim_tsfi.md
reversal_20d_four_dim_tsv	reversal_20d	four_dim_tsv	research/factor/reversal_20d_four_dim_tsv.yaml	research/factor/reversal_20d/four_dim_tsv.yaml	research/docs/factors/reversal_20d_four_dim_tsv.md	research/docs/factors/reversal_20d/four_dim_tsv.md
reversal_20d_four_dim_tsv10	reversal_20d	four_dim_tsv10	research/factor/reversal_20d_four_dim_tsv10.yaml	research/factor/reversal_20d/four_dim_tsv10.yaml	research/docs/factors/reversal_20d_four_dim_tsv10.md	research/docs/factors/reversal_20d/four_dim_tsv10.md
reversal_20d_highmomentum	reversal_20d	highmomentum	research/factor/reversal_20d_highmomentum.yaml	research/factor/reversal_20d/highmomentum.yaml	research/docs/factors/reversal_20d_highmomentum.md	research/docs/factors/reversal_20d/highmomentum.md
reversal_20d_intraday	reversal_20d	intraday	research/factor/reversal_20d_intraday.yaml	research/factor/reversal_20d/intraday.yaml	research/docs/factors/reversal_20d_intraday.md	research/docs/factors/reversal_20d/intraday.md
reversal_20d_intraday_adv	reversal_20d	intraday_adv	research/factor/reversal_20d_intraday_adv.yaml	research/factor/reversal_20d/intraday_adv.yaml	research/docs/factors/reversal_20d_intraday_adv.md	research/docs/factors/reversal_20d/intraday_adv.md
reversal_20d_intraday_flow	reversal_20d	intraday_flow	research/factor/reversal_20d_intraday_flow.yaml	research/factor/reversal_20d/intraday_flow.yaml	research/docs/factors/reversal_20d_intraday_flow.md	research/docs/factors/reversal_20d/intraday_flow.md
reversal_20d_intraday_flow30	reversal_20d	intraday_flow30	research/factor/reversal_20d_intraday_flow30.yaml	research/factor/reversal_20d/intraday_flow30.yaml	research/docs/factors/reversal_20d_intraday_flow30.md	research/docs/factors/reversal_20d/intraday_flow30.md
reversal_20d_intraday_flowextreme	reversal_20d	intraday_flowextreme	research/factor/reversal_20d_intraday_flowextreme.yaml	research/factor/reversal_20d/intraday_flowextreme.yaml	research/docs/factors/reversal_20d_intraday_flowextreme.md	research/docs/factors/reversal_20d/intraday_flowextreme.md
reversal_20d_intraday_skew	reversal_20d	intraday_skew	research/factor/reversal_20d_intraday_skew.yaml	research/factor/reversal_20d/intraday_skew.yaml	research/docs/factors/reversal_20d_intraday_skew.md	research/docs/factors/reversal_20d/intraday_skew.md
reversal_20d_intraday_turn	reversal_20d	intraday_turn	research/factor/reversal_20d_intraday_turn.yaml	research/factor/reversal_20d/intraday_turn.yaml	research/docs/factors/reversal_20d_intraday_turn.md	research/docs/factors/reversal_20d/intraday_turn.md
reversal_20d_intraday_tv	reversal_20d	intraday_tv	research/factor/reversal_20d_intraday_tv.yaml	research/factor/reversal_20d/intraday_tv.yaml	research/docs/factors/reversal_20d_intraday_tv.md	research/docs/factors/reversal_20d/intraday_tv.md
reversal_20d_intraday_vol	reversal_20d	intraday_vol	research/factor/reversal_20d_intraday_vol.yaml	research/factor/reversal_20d/intraday_vol.yaml	research/docs/factors/reversal_20d_intraday_vol.md	research/docs/factors/reversal_20d/intraday_vol.md
reversal_20d_kurt	reversal_20d	kurt	research/factor/reversal_20d_kurt.yaml	research/factor/reversal_20d/kurt.yaml	research/docs/factors/reversal_20d_kurt.md	research/docs/factors/reversal_20d/kurt.md
reversal_20d_near5	reversal_20d	near5	research/factor/reversal_20d_near5.yaml	research/factor/reversal_20d/near5.yaml	research/docs/factors/reversal_20d_near5.md	research/docs/factors/reversal_20d/near5.md
reversal_20d_netflow	reversal_20d	netflow	research/factor/reversal_20d_netflow.yaml	research/factor/reversal_20d/netflow.yaml	research/docs/factors/reversal_20d_netflow.md	research/docs/factors/reversal_20d/netflow.md
reversal_20d_netflow10	reversal_20d	netflow10	research/factor/reversal_20d_netflow10.yaml	research/factor/reversal_20d/netflow10.yaml	research/docs/factors/reversal_20d_netflow10.md	research/docs/factors/reversal_20d/netflow10.md
reversal_20d_netflow30	reversal_20d	netflow30	research/factor/reversal_20d_netflow30.yaml	research/factor/reversal_20d/netflow30.yaml	research/docs/factors/reversal_20d_netflow30.md	research/docs/factors/reversal_20d/netflow30.md
reversal_20d_netflow_pct	reversal_20d	netflow_pct	research/factor/reversal_20d_netflow_pct.yaml	research/factor/reversal_20d/netflow_pct.yaml	research/docs/factors/reversal_20d_netflow_pct.md	research/docs/factors/reversal_20d/netflow_pct.md
reversal_20d_nowin	reversal_20d	nowin	research/factor/reversal_20d_nowin.yaml	research/factor/reversal_20d/nowin.yaml	research/docs/factors/reversal_20d_nowin.md	research/docs/factors/reversal_20d/nowin.md
reversal_20d_nowin_fill0	reversal_20d	nowin_fill0	research/factor/reversal_20d_nowin_fill0.yaml	research/factor/reversal_20d/nowin_fill0.yaml	research/docs/factors/reversal_20d_nowin_fill0.md	research/docs/factors/reversal_20d/nowin_fill0.md
reversal_20d_overnight	reversal_20d	overnight	research/factor/reversal_20d_overnight.yaml	research/factor/reversal_20d/overnight.yaml	research/docs/factors/reversal_20d_overnight.md	research/docs/factors/reversal_20d/overnight.md
reversal_20d_pricevolcorr	reversal_20d	pricevolcorr	research/factor/reversal_20d_pricevolcorr.yaml	research/factor/reversal_20d/pricevolcorr.yaml	research/docs/factors/reversal_20d_pricevolcorr.md	research/docs/factors/reversal_20d/pricevolcorr.md
reversal_20d_pricevolcorr10	reversal_20d	pricevolcorr10	research/factor/reversal_20d_pricevolcorr10.yaml	research/factor/reversal_20d/pricevolcorr10.yaml	research/docs/factors/reversal_20d_pricevolcorr10.md	research/docs/factors/reversal_20d/pricevolcorr10.md
reversal_20d_pricevolcorr60	reversal_20d	pricevolcorr60	research/factor/reversal_20d_pricevolcorr60.yaml	research/factor/reversal_20d/pricevolcorr60.yaml	research/docs/factors/reversal_20d_pricevolcorr60.md	research/docs/factors/reversal_20d/pricevolcorr60.md
reversal_20d_pricevolcorr_lev	reversal_20d	pricevolcorr_lev	research/factor/reversal_20d_pricevolcorr_lev.yaml	research/factor/reversal_20d/pricevolcorr_lev.yaml	research/docs/factors/reversal_20d_pricevolcorr_lev.md	research/docs/factors/reversal_20d/pricevolcorr_lev.md
reversal_20d_pricevolcorr_turn	reversal_20d	pricevolcorr_turn	research/factor/reversal_20d_pricevolcorr_turn.yaml	research/factor/reversal_20d/pricevolcorr_turn.yaml	research/docs/factors/reversal_20d_pricevolcorr_turn.md	research/docs/factors/reversal_20d/pricevolcorr_turn.md
reversal_20d_ranknorm	reversal_20d	ranknorm	research/factor/reversal_20d_ranknorm.yaml	research/factor/reversal_20d/ranknorm.yaml	research/docs/factors/reversal_20d_ranknorm.md	research/docs/factors/reversal_20d/ranknorm.md
reversal_20d_six_dim	reversal_20d	six_dim	research/factor/reversal_20d_six_dim.yaml	research/factor/reversal_20d/six_dim.yaml	research/docs/factors/reversal_20d_six_dim.md	research/docs/factors/reversal_20d/six_dim.md
reversal_20d_skew	reversal_20d	skew	research/factor/reversal_20d_skew.yaml	research/factor/reversal_20d/skew.yaml	research/docs/factors/reversal_20d_skew.md	research/docs/factors/reversal_20d/skew.md
reversal_20d_skew10	reversal_20d	skew10	research/factor/reversal_20d_skew10.yaml	research/factor/reversal_20d/skew10.yaml	research/docs/factors/reversal_20d_skew10.md	research/docs/factors/reversal_20d/skew10.md
reversal_20d_skew_extreme	reversal_20d	skew_extreme	research/factor/reversal_20d_skew_extreme.yaml	research/factor/reversal_20d/skew_extreme.yaml	research/docs/factors/reversal_20d_skew_extreme.md	research/docs/factors/reversal_20d/skew_extreme.md
reversal_20d_smallcap	reversal_20d	smallcap	research/factor/reversal_20d_smallcap.yaml	research/factor/reversal_20d/smallcap.yaml	research/docs/factors/reversal_20d_smallcap.md	research/docs/factors/reversal_20d/smallcap.md
reversal_20d_turn_skew	reversal_20d	turn_skew	research/factor/reversal_20d_turn_skew.yaml	research/factor/reversal_20d/turn_skew.yaml	research/docs/factors/reversal_20d_turn_skew.md	research/docs/factors/reversal_20d/turn_skew.md
reversal_20d_turn_skew_corr	reversal_20d	turn_skew_corr	research/factor/reversal_20d_turn_skew_corr.yaml	research/factor/reversal_20d/turn_skew_corr.yaml	research/docs/factors/reversal_20d_turn_skew_corr.md	research/docs/factors/reversal_20d/turn_skew_corr.md
reversal_20d_turn_skew_flow30	reversal_20d	turn_skew_flow30	research/factor/reversal_20d_turn_skew_flow30.yaml	research/factor/reversal_20d/turn_skew_flow30.yaml	research/docs/factors/reversal_20d_turn_skew_flow30.md	research/docs/factors/reversal_20d/turn_skew_flow30.md
reversal_20d_turn_skew_vol	reversal_20d	turn_skew_vol	research/factor/reversal_20d_turn_skew_vol.yaml	research/factor/reversal_20d/turn_skew_vol.yaml	research/docs/factors/reversal_20d_turn_skew_vol.md	research/docs/factors/reversal_20d/turn_skew_vol.md
reversal_20d_vol_flow	reversal_20d	vol_flow	research/factor/reversal_20d_vol_flow.yaml	research/factor/reversal_20d/vol_flow.yaml	research/docs/factors/reversal_20d_vol_flow.md	research/docs/factors/reversal_20d/vol_flow.md
reversal_20d_volconf	reversal_20d	volconf	research/factor/reversal_20d_volconf.yaml	research/factor/reversal_20d/volconf.yaml	research/docs/factors/reversal_20d_volconf.md	research/docs/factors/reversal_20d/volconf.md
reversal_20d_volconf_fwd	reversal_20d	volconf_fwd	research/factor/reversal_20d_volconf_fwd.yaml	research/factor/reversal_20d/volconf_fwd.yaml	research/docs/factors/reversal_20d_volconf_fwd.md	research/docs/factors/reversal_20d/volconf_fwd.md
reversal_20d_volturn	reversal_20d	volturn	research/factor/reversal_20d_volturn.yaml	research/factor/reversal_20d/volturn.yaml	research/docs/factors/reversal_20d_volturn.md	research/docs/factors/reversal_20d/volturn.md
reversal_20d_wcorr	reversal_20d	wcorr	research/factor/reversal_20d_wcorr.yaml	research/factor/reversal_20d/wcorr.yaml	research/docs/factors/reversal_20d_wcorr.md	research/docs/factors/reversal_20d/wcorr.md
reversal_20d_wcorr_cti	reversal_20d	wcorr_cti	research/factor/reversal_20d_wcorr_cti.yaml	research/factor/reversal_20d/wcorr_cti.yaml	research/docs/factors/reversal_20d_wcorr_cti.md	research/docs/factors/reversal_20d/wcorr_cti.md
reversal_20d_wcorr_tsv10	reversal_20d	wcorr_tsv10	research/factor/reversal_20d_wcorr_tsv10.yaml	research/factor/reversal_20d/wcorr_tsv10.yaml	research/docs/factors/reversal_20d_wcorr_tsv10.md	research/docs/factors/reversal_20d/wcorr_tsv10.md
reversal_20d_wskew_tsv10	reversal_20d	wskew_tsv10	research/factor/reversal_20d_wskew_tsv10.yaml	research/factor/reversal_20d/wskew_tsv10.yaml	research/docs/factors/reversal_20d_wskew_tsv10.md	research/docs/factors/reversal_20d/wskew_tsv10.md
reversal_5d_corr	reversal_5d	corr	research/factor/reversal_5d_corr.yaml	research/factor/reversal_5d/corr.yaml	research/docs/factors/reversal_5d_corr.md	research/docs/factors/reversal_5d/corr.md
reversal_5d_intraday	reversal_5d	intraday	research/factor/reversal_5d_intraday.yaml	research/factor/reversal_5d/intraday.yaml	research/docs/factors/reversal_5d_intraday.md	research/docs/factors/reversal_5d/intraday.md
reversal_5d_turn	reversal_5d	turn	research/factor/reversal_5d_turn.yaml	research/factor/reversal_5d/turn.yaml	research/docs/factors/reversal_5d_turn.md	research/docs/factors/reversal_5d/turn.md
reversal_5d_volconf	reversal_5d	volconf	research/factor/reversal_5d_volconf.yaml	research/factor/reversal_5d/volconf.yaml	research/docs/factors/reversal_5d_volconf.md	research/docs/factors/reversal_5d/volconf.md
rsi_oversold_14	reversal_rsi	oversold_14	research/factor/rsi_oversold_14.yaml	research/factor/reversal_rsi/oversold_14.yaml	research/docs/factors/rsi_oversold_14.md	research/docs/factors/reversal_rsi/oversold_14.md
rsi_reversal_14	reversal_rsi	reversal_14	research/factor/rsi_reversal_14.yaml	research/factor/reversal_rsi/reversal_14.yaml	research/docs/factors/rsi_reversal_14.md	research/docs/factors/reversal_rsi/reversal_14.md
small_cap	size	small_cap	research/factor/small_cap.yaml	research/factor/size/small_cap.yaml	research/docs/factors/small_cap.md	research/docs/factors/size/small_cap.md
small_cap_extreme	size	extreme	research/factor/small_cap_extreme.yaml	research/factor/size/extreme.yaml	research/docs/factors/small_cap_extreme.md	research/docs/factors/size/extreme.md
turnover_accel	liquidity	accel	research/factor/turnover_accel.yaml	research/factor/liquidity/accel.yaml	research/docs/factors/turnover_accel.md	research/docs/factors/liquidity/accel.md
turnover_level	liquidity	level	research/factor/turnover_level.yaml	research/factor/liquidity/level.yaml	research/docs/factors/turnover_level.md	research/docs/factors/liquidity/level.md
value_bp	value	bp	research/factor/value_bp.yaml	research/factor/value/bp.yaml	research/docs/factors/value_bp.md	research/docs/factors/value/bp.md
value_ep	value	ep	research/factor/value_ep.yaml	research/factor/value/ep.yaml	research/docs/factors/value_ep.md	research/docs/factors/value/ep.md
value_retained	value	retained	research/factor/value_retained.yaml	research/factor/value/retained.yaml	research/docs/factors/value_retained.md	research/docs/factors/value/retained.md
value_spread	value	spread	research/factor/value_spread.yaml	research/factor/value/spread.yaml	research/docs/factors/value_spread.md	research/docs/factors/value/spread.md
vol_run_energy	vol_run_energy	vol_run_energy	research/factor/vol_run_energy.yaml	research/factor/vol_run_energy/vol_run_energy.yaml	research/docs/factors/vol_run_energy.md	research/docs/factors/vol_run_energy/vol_run_energy.md
vol_run_energy_cumret	vol_run_energy	cumret	research/factor/vol_run_energy_cumret.yaml	research/factor/vol_run_energy/cumret.yaml	research/docs/factors/vol_run_energy_cumret.md	research/docs/factors/vol_run_energy/cumret.md
vol_run_energy_rl120_turn	vol_run_energy	rl120_turn	research/factor/vol_run_energy_rl120_turn.yaml	research/factor/vol_run_energy/rl120_turn.yaml	research/docs/factors/vol_run_energy_rl120_turn.md	research/docs/factors/vol_run_energy/rl120_turn.md
vol_run_energy_rl120_turn_up	vol_run_energy	rl120_turn_up	research/factor/vol_run_energy_rl120_turn_up.yaml	research/factor/vol_run_energy/rl120_turn_up.yaml	research/docs/factors/vol_run_energy_rl120_turn_up.md	research/docs/factors/vol_run_energy/rl120_turn_up.md
vol_run_energy_symrun	vol_run_energy	symrun	research/factor/vol_run_energy_symrun.yaml	research/factor/vol_run_energy/symrun.yaml	research/docs/factors/vol_run_energy_symrun.md	research/docs/factors/vol_run_energy/symrun.md
vol_run_energy_symrun_bell03	vol_run_energy	symrun_bell03	research/factor/vol_run_energy_symrun_bell03.yaml	research/factor/vol_run_energy/symrun_bell03.yaml	research/docs/factors/vol_run_energy_symrun_bell03.md	research/docs/factors/vol_run_energy/symrun_bell03.md
vol_run_energy_symrun_bell1	vol_run_energy	symrun_bell1	research/factor/vol_run_energy_symrun_bell1.yaml	research/factor/vol_run_energy/symrun_bell1.yaml	research/docs/factors/vol_run_energy_symrun_bell1.md	research/docs/factors/vol_run_energy/symrun_bell1.md
vol_run_energy_symrun_corr	vol_run_energy	symrun_corr	research/factor/vol_run_energy_symrun_corr.yaml	research/factor/vol_run_energy/symrun_corr.yaml	research/docs/factors/vol_run_energy_symrun_corr.md	research/docs/factors/vol_run_energy/symrun_corr.md
vol_run_energy_symrun_down	vol_run_energy	symrun_down	research/factor/vol_run_energy_symrun_down.yaml	research/factor/vol_run_energy/symrun_down.yaml	research/docs/factors/vol_run_energy_symrun_down.md	research/docs/factors/vol_run_energy/symrun_down.md
vol_run_energy_symrun_extreme	vol_run_energy	symrun_extreme	research/factor/vol_run_energy_symrun_extreme.yaml	research/factor/vol_run_energy/symrun_extreme.yaml	research/docs/factors/vol_run_energy_symrun_extreme.md	research/docs/factors/vol_run_energy/symrun_extreme.md
vol_run_energy_symrun_lin	vol_run_energy	symrun_lin	research/factor/vol_run_energy_symrun_lin.yaml	research/factor/vol_run_energy/symrun_lin.yaml	research/docs/factors/vol_run_energy_symrun_lin.md	research/docs/factors/vol_run_energy/symrun_lin.md
vol_run_energy_symrun_r30	vol_run_energy	symrun_r30	research/factor/vol_run_energy_symrun_r30.yaml	research/factor/vol_run_energy/symrun_r30.yaml	research/docs/factors/vol_run_energy_symrun_r30.md	research/docs/factors/vol_run_energy/symrun_r30.md
vol_run_energy_symrun_r60	vol_run_energy	symrun_r60	research/factor/vol_run_energy_symrun_r60.yaml	research/factor/vol_run_energy/symrun_r60.yaml	research/docs/factors/vol_run_energy_symrun_r60.md	research/docs/factors/vol_run_energy/symrun_r60.md
vol_run_energy_symrun_turn	vol_run_energy	symrun_turn	research/factor/vol_run_energy_symrun_turn.yaml	research/factor/vol_run_energy/symrun_turn.yaml	research/docs/factors/vol_run_energy_symrun_turn.md	research/docs/factors/vol_run_energy/symrun_turn.md
vol_run_energy_symrun_w100	vol_run_energy	symrun_w100	research/factor/vol_run_energy_symrun_w100.yaml	research/factor/vol_run_energy/symrun_w100.yaml	research/docs/factors/vol_run_energy_symrun_w100.md	research/docs/factors/vol_run_energy/symrun_w100.md
volume_ratio	liquidity	volume_ratio	research/factor/volume_ratio.yaml	research/factor/liquidity/volume_ratio.yaml	research/docs/factors/volume_ratio.md	research/docs/factors/liquidity/volume_ratio.md
volume_ratio_directional	liquidity	directional	research/factor/volume_ratio_directional.yaml	research/factor/liquidity/directional.yaml	research/docs/factors/volume_ratio_directional.md	research/docs/factors/liquidity/directional.md
