时间,委托编号,交易所委托号,委托类型,委托代码,委托价格,委托数量
93000240,0,206608,D,B,154000,5000
93000280,0,322359,A,B,145200,1500
93000410,0,323083,A,B,150000,1000
93000450,0,230528,D,B,145400,7100
93000470,0,323356,A,S,166100,2000
93001280,0,324352,A,B,160000,4800
93001530,0,324910,A,B,155000,1000
93002110,0,291325,D,S,161000,100
93002130,0,327318,A,B,160000,2400
93002220,0,327942,A,B,160000,100
93002320,0,328247,A,S,177400,700
93002340,0,328757,A,B,160000,400
93002380,0,328977,A,S,160500,700
93002540,0,329878,A,S,168900,1500
93002610,0,331301,A,B,160000,500
93002610,0,331512,A,B,158000,1500
93002610,0,331613,A,B,156000,1500
93002610,0,331925,A,B,159100,300
93002610,0,332014,A,B,154000,1100
93002760,0,332689,A,S,163800,3200
93002910,0,334362,A,S,177400,700
93002910,0,334594,A,B,160300,6000
93002910,0,335169,A,S,177400,400
93002910,0,295249,D,B,159900,500
93003080,0,336175,A,S,161200,500
93003080,0,336844,A,S,176000,1400
93003080,0,337030,A,B,160000,200
93003240,0,337637,A,B,155100,1500
93003240,0,338664,A,B,159100,1500
93003420,0,339261,A,B,158900,200
93003420,0,339376,A,B,152200,500
93003420,0,339533,A,S,172900,200
93003420,0,338664,D,B,159100,1500
93003580,0,341285,A,B,150000,100
93003580,0,341419,A,B,155700,600
93003580,0,341529,A,B,154800,1500
93003580,0,341991,A,B,160000,200
93003740,0,344193,A,B,150000,100
93003740,0,344285,A,B,160200,100
93003880,0,345410,A,B,146800,600
93003890,0,346169,A,B,157700,500
93004060,0,346620,A,S,167600,1000
93004060,0,346826,A,B,153000,2500
93004060,0,346934,A,B,160000,200
93004210,0,348174,A,B,155200,1000
93004210,0,348405,A,B,159900,100
93004210,0,348692,A,B,159000,1500
93004210,0,349053,A,S,161000,100
93004380,0,351016,A,B,159900,300
93004550,0,351934,A,B,150000,100
93004730,0,206770,D,B,155000,2000
93004730,0,354089,A,S,161900,2500
93004730,0,354891,A,B,160000,200
93004910,0,355807,A,B,160300,10000
93005090,0,356986,A,B,159400,300
93005090,0,358338,A,B,160000,600
93005090,0,358553,A,B,160200,26500
93005090,0,296151,D,S,162000,6000
93005240,0,359711,A,B,159700,1300
93005240,0,359949,A,B,160000,1000
93005410,0,360452,A,B,160000,900
93005410,0,360594,A,B,160000,100
93005410,0,247306,D,S,162000,100
93005560,0,363341,A,S,162700,2000
93005560,0,363472,A,S,165000,500
93005750,0,364322,A,B,160000,1400
93005750,0,364883,A,S,169800,30600
93005750,0,365129,A,S,160700,600
93005750,0,365169,A,B,160100,1000
93005890,0,365883,A,S,168600,20000
93005890,0,366018,A,S,162900,600
93005890,0,366073,A,B,160000,400
93005890,0,108183,D,S,161300,1500
93005890,0,366910,A,B,152600,1000
93005890,0,367072,A,S,163000,1000
93006040,0,88570,D,B,155000,1100
93006040,0,365169,D,B,160100,1000
93006040,0,368368,A,S,173500,2000
93006180,0,369224,A,B,160100,7700
93006190,0,370028,A,S,177300,2000
93006490,0,373220,A,S,166000,5000
93006490,0,373537,A,S,169700,200
93006680,0,374929,A,B,158900,900
93006680,0,375720,A,B,153200,300
93006680,0,375798,A,B,158000,200
93006840,0,376483,A,B,160000,100
93006840,0,377071,A,B,158000,200
93006840,0,377554,A,S,164400,1500
93007000,0,232743,D,B,154000,200
93007000,0,378327,A,B,156400,100
93007000,0,378376,A,S,166400,100
93007150,0,246579,D,S,161500,2300
93007150,0,380244,A,B,160000,100
93007310,0,381378,A,B,159700,100
93007310,0,382190,A,B,159100,1000
93007470,0,383144,A,B,160100,10400
93007470,0,383778,A,B,159900,1400
93007470,0,384046,A,S,166000,900
93007620,0,384903,A,S,163300,18900
93007620,0,385749,A,B,158200,500
93007620,0,385820,A,B,149000,1000
93007620,0,386055,A,S,160500,200
93007780,0,386550,A,B,158000,100
93007780,0,386722,A,B,155100,1000
93007920,0,388804,A,B,155000,100
93008070,0,390041,A,B,160000,300
93008070,0,390265,A,S,160600,200
93008070,0,390266,A,S,160600,100
93008070,0,390267,A,S,160600,100
93008070,0,390277,A,S,160600,200
93008070,0,390278,A,S,160600,100
93008070,0,390279,A,S,160600,600
93008070,0,390290,A,S,160600,600
93008070,0,390439,A,S,160600,2000
93008070,0,390731,A,S,160700,200
93008070,0,390739,A,S,160700,200
93008070,0,390751,A,S,160600,100
93008070,0,390900,A,S,177200,800
93008070,0,391103,A,S,160700,200
93008070,0,391400,A,B,153000,500
93008070,0,391460,A,B,145300,100
93008070,0,391519,A,S,165000,500
93008210,0,391836,A,S,166500,3200
93008210,0,392152,A,B,158600,100
93008210,0,392811,A,S,163000,500
93008210,0,392903,A,B,159900,100
93008210,0,393474,A,B,158500,5000
93008360,0,393819,A,B,160200,8400
93008510,0,395842,A,S,170400,1700
93008510,0,396500,A,B,160000,1000
93008510,0,396897,A,S,177400,1000
93008660,0,397453,A,B,160100,100
93008660,0,397753,A,B,150000,1000
93008660,0,398122,A,B,159400,1000
93008820,0,399543,A,B,160000,300
93008820,0,399867,A,B,160000,10000
93008820,0,400584,A,B,153000,200
93008970,0,400958,A,B,160000,400
93008970,0,401007,A,B,160000,100
93008970,0,401673,A,B,160100,400
93008970,0,402028,A,B,158900,2000
93009130,0,403643,A,B,159000,500
93009280,0,404472,A,B,156000,200
93009430,0,406458,A,S,167500,200
93009430,0,406766,A,B,159800,200
93009430,0,407174,A,B,150000,700
93009430,0,215957,D,B,153300,800
93009430,0,407470,A,B,160100,400
93009430,0,407597,A,S,160700,700
93009430,0,407704,A,S,160700,6100
93009590,0,408100,A,S,160600,200
93009590,0,408256,A,B,155000,7500
93009590,0,217742,D,B,145200,200
93009590,0,409027,A,B,160300,100
93009590,0,409098,A,B,160300,100
93009590,0,409775,A,B,160000,300
93009760,0,410027,A,B,150000,500
93009760,0,410751,A,B,158800,1100
93009920,0,411827,A,B,150200,2900
93009920,0,412878,A,S,170000,700
93010070,0,413928,A,S,165000,200
93010070,0,414561,A,B,159000,100
93010070,0,414724,A,S,176800,200
93010220,0,415617,A,S,168100,4900
93010220,0,415635,A,B,159000,3300
93010220,0,416056,A,S,177200,600
93010220,0,416295,A,S,160500,400
93010220,0,416764,A,S,169000,1000
93010220,0,416797,A,B,155100,500
93010370,0,417842,A,B,159100,500
93010370,0,417920,A,B,160000,100
93010530,0,419144,A,B,160300,100
93010530,0,419564,A,B,160200,100
93010710,0,420629,A,B,160300,1300
93010710,0,421195,A,B,149900,700
93010710,0,422022,A,B,160500,900
93010870,0,423321,A,B,158000,100
93010870,0,423441,A,S,175000,200
93010870,0,423768,A,S,161500,300
93010870,0,423832,A,B,160000,100
93011050,0,424339,A,B,159900,300
93011050,0,424556,A,B,160100,1300
93011050,0,424559,A,B,156500,500
93011120,0,425124,A,B,157500,200
93011120,0,425140,A,S,173600,100
93011120,0,425385,A,B,160100,100
93011120,0,425714,A,B,160400,400
93011120,0,425787,A,B,160000,100
93011120,0,426206,A,B,159200,200
93011280,0,427152,A,S,170300,1200
93011280,0,428057,A,B,159900,1200
93011430,0,429675,A,S,171100,100
93011580,0,430163,A,S,160600,6000
93011580,0,430350,A,B,159800,100
93011580,0,430362,A,S,161900,600
93011580,0,288095,D,B,159900,100
93011580,0,430983,A,B,149000,500
93011580,0,431181,A,B,160000,500
93011580,0,431533,A,B,155000,500
93011580,0,431721,A,B,160100,300
93011730,0,432058,A,S,173000,1100
93011730,0,432255,A,B,160000,100
93011730,0,432947,A,B,160000,2000
93011900,0,433728,A,S,164000,100
93011900,0,434263,A,B,160500,900
93011900,0,434329,A,S,164000,2000
93011900,0,434664,A,B,160400,2000
93011900,0,434768,A,B,160300,300
93011900,0,435122,A,S,163800,200
93012050,0,376483,D,B,160000,100
93012050,0,435962,A,B,160400,100
93012050,0,436271,A,B,159100,3000
93012180,0,436940,A,B,155100,700
93012260,0,437932,A,B,150400,300
93012260,0,437951,A,B,153000,500
93012260,0,438042,A,B,160000,5000
93012260,0,439071,A,B,160100,100
93012450,0,440223,A,S,162900,1000
93012450,0,251580,D,B,150100,200
93012450,0,440755,A,S,171700,2400
93012450,0,440908,A,S,165000,500
93012560,0,441055,A,S,172300,11800
93012560,0,441070,A,B,156500,1000
93012560,0,441278,A,S,160600,100
93012560,0,441477,A,S,160600,100
93012560,0,442002,A,B,157700,200
93012560,0,442570,A,B,155300,200
93012560,0,442783,A,B,160400,100
93012730,0,443319,A,B,160300,2500
93012730,0,444039,A,B,160600,300
93012730,0,312031,D,B,159900,400
93012730,0,444583,A,B,160400,200
93012880,0,445276,A,S,173000,400
93012880,0,445315,A,B,160000,2000
93012880,0,446158,A,B,160400,400
93012880,0,446198,A,S,161400,500
93013040,0,447334,A,S,173700,300
93013040,0,447417,A,S,170000,800
93013040,0,324352,D,B,160000,3800
93013260,0,449042,A,B,158500,200
93013350,0,449917,A,B,160100,200
93013350,0,450453,A,B,160500,200
93013350,0,383144,D,B,160100,10400
93013350,0,450987,A,S,167000,300
93013500,0,451944,A,S,166300,500
93013500,0,452137,A,S,162000,200
93013500,0,452587,A,S,173800,2400
93013500,0,452763,A,B,160000,10000
93013500,0,452947,A,B,155900,200
93013640,0,453946,A,S,160600,100
93013640,0,454834,A,B,158800,500
93013800,0,455217,A,B,160500,100
93013800,0,455282,A,S,174800,1200
93013800,0,455869,A,S,169600,200
93013800,0,455954,A,S,160700,600
93013800,0,456328,A,S,173300,100
93013800,0,456340,A,S,166900,700
93013800,0,456470,A,S,163000,200
93014080,0,457910,A,S,167700,500
93014080,0,458334,A,S,177300,300
93014080,0,459340,A,B,155000,1600
93014380,0,462087,A,B,148000,1600
93014610,0,463811,A,B,150000,300
93014610,0,463867,A,B,160000,100
93014610,0,464020,A,S,163800,3900
93014610,0,465297,A,S,163000,1500
93014800,0,465959,A,S,169700,2000
93014800,0,466017,A,B,160600,100
93015040,0,468434,A,B,160300,200
93015040,0,215829,D,B,149000,100
93015040,0,469481,A,B,154600,200
93015040,0,469494,A,B,160400,100
93015040,0,469664,A,B,154800,200
93015290,0,471027,A,S,165000,1000
93015290,0,471070,A,S,177400,300
93015290,0,471809,A,B,160700,800
93015290,0,471833,A,B,160300,100
93015290,0,471903,A,B,160300,1600
93015290,0,472118,A,B,160700,100
93015430,0,472759,A,B,160700,100
93015430,0,463867,D,B,160000,100
93015430,0,473609,A,B,160400,700
93015430,0,473742,A,B,160700,1600
93015430,0,474021,A,B,160700,100
93015430,0,474046,A,B,160700,100
93015430,0,474073,A,B,160700,4500
93015590,0,474299,A,B,160900,600
93015590,0,474324,A,B,160700,100
93015590,0,474330,A,B,160400,100
93015590,0,474331,A,B,160700,100
93015590,0,474618,A,B,160700,100
93015590,0,474619,A,B,160700,100
93015590,0,474622,A,B,160700,100
93015590,0,474623,A,B,160700,500
93015590,0,27468,D,S,169500,300
93015590,0,474687,A,B,160700,100
93015590,0,474719,A,B,160700,100
93015590,0,474734,A,S,168000,2000
93015590,0,474861,A,B,160700,300
93015590,0,474866,A,B,160700,200
93015590,0,474873,A,B,160700,100
93015590,0,474961,A,B,160700,400
93015590,0,475548,A,B,160700,100
93015760,0,475904,A,B,160700,100
93015760,0,476592,A,B,160700,600
93015920,0,478466,A,B,160700,400
93015920,0,478659,A,S,169600,1000
93015920,0,478747,A,S,167500,500
93016100,0,479180,A,S,160700,300
93016100,0,479498,A,B,160700,200
93016100,0,479607,A,B,160700,100
93016100,0,479759,A,B,160700,100
93016100,0,480079,A,B,160300,100
93016100,0,480139,A,B,160700,100
93016260,0,481579,A,B,160700,100
93016260,0,481601,A,S,169000,1000
93016260,0,482336,A,B,160000,500
93016400,0,482539,A,B,160900,100
93016400,0,482640,A,B,160800,100
93016400,0,482753,A,B,160700,100
93016400,0,483085,A,B,160700,200
93016400,0,483123,A,S,160500,1100
93016480,0,483650,A,B,160700,200
93016480,0,483815,A,B,152000,100
93016480,0,483973,A,B,160700,100
93016480,0,484045,A,B,158300,3000
93016640,0,485047,A,B,153000,500
93016640,0,485856,A,S,161400,500
93016780,0,486336,A,B,159000,400
93016780,0,486388,A,B,160500,400
93016780,0,486723,A,B,157800,500
93016780,0,486904,A,B,160400,800
93016780,0,486905,A,B,160400,1100
93016780,0,486911,A,B,160700,3400
93016780,0,486993,A,B,159900,1000
93016920,0,487614,A,B,160200,100
93016920,0,487910,A,B,160700,200
93016920,0,488375,A,B,160700,400
93016920,0,488411,A,B,160700,1300
93016920,0,488454,A,B,160700,900
93016920,0,488636,A,B,160900,400
93016920,0,488693,A,B,160700,200
93017070,0,489303,A,B,160700,1300
93017230,0,490725,A,B,160500,100
93017230,0,490727,A,B,160500,100
93017230,0,490946,A,B,160700,2900
93017230,0,491007,A,B,151200,300
93017230,0,491640,A,B,155300,500
93017230,0,491894,A,B,159000,1000
93017230,0,491919,A,B,158500,200
93017380,0,492607,A,B,160700,300
93017380,0,492976,A,B,160700,300
93017380,0,493129,A,B,160700,500
93017460,0,494034,A,B,160700,100
93017460,0,494239,A,B,160700,300
93017460,0,494472,A,B,160700,200
93017460,0,494526,A,B,160300,100
93017460,0,494772,A,S,162600,500
93017670,0,495851,A,B,160100,200
93017770,0,497104,A,S,172300,3000
93017770,0,497112,A,B,155000,100
93017920,0,498056,A,B,160700,300
93017960,0,69949,D,S,174000,500
93017960,0,498292,A,B,153100,500
93017960,0,498341,A,S,177400,200
93017960,0,498775,A,B,160100,100
93017960,0,499033,A,S,166000,200
93017960,0,499218,A,B,160700,500
93017960,0,499355,A,B,159000,2000
93018130,0,499719,A,B,160700,2100
93018200,0,500374,A,B,160400,200
93018200,0,500574,A,B,160800,400
93018200,0,500640,A,S,175000,200
93018200,0,500752,A,B,156800,1000
93018200,0,501237,A,B,150000,300
93018200,0,501249,A,B,149000,600
93018300,0,501961,A,B,160700,500
93018300,0,205043,D,B,152000,400
93018300,0,502009,A,S,177400,200
93018360,0,502243,A,B,160800,200
93018360,0,502245,A,B,160900,1000
93018360,0,502432,A,B,160800,100
93018360,0,383778,D,B,159900,1400
93018360,0,503203,A,B,160000,300
93018360,0,503442,A,B,160400,900
93018360,0,503735,A,B,160000,500
93018360,0,503741,A,B,160800,1100
93018360,0,390041,D,B,160000,300
93018500,0,397453,D,B,160100,100
93018500,0,504073,A,B,160700,500
93018500,0,431721,D,B,160100,300
93018500,0,424556,D,B,160100,1300
93018500,0,505057,A,S,164400,2000
93018680,0,505557,A,S,167900,1500
93018680,0,505784,A,S,177400,8700
93018680,0,506004,A,S,167900,100
93018680,0,381378,D,B,159700,100
93018830,0,507462,A,B,155300,1000
93018830,0,264984,D,B,159700,100
93018830,0,507964,A,B,160900,400
93018830,0,507984,A,B,150000,500
93018830,0,508241,A,B,160700,100
93018980,0,508673,A,B,160700,400
93018980,0,508903,A,B,161000,700
93018980,0,509652,A,S,164700,400
93018980,0,509931,A,B,160100,3000
93019130,0,510343,A,B,161000,1100
93019130,0,510532,A,B,158800,200
93019130,0,511061,A,B,159200,100
93019130,0,511284,A,B,155000,500
93019130,0,511411,A,B,160700,300
93019130,0,511416,A,B,161100,100
93019130,0,511453,A,B,161100,100
93019290,0,511720,A,B,155100,100
93019290,0,511917,A,B,160300,100
93019290,0,512001,A,B,161100,200
93019290,0,512008,A,B,161100,100
93019290,0,392903,D,B,159900,100
93019290,0,512231,A,B,161100,2100
93019290,0,512261,A,B,160500,2700
93019290,0,513211,A,B,160300,100
93019430,0,513387,A,B,150000,1000
93019430,0,513514,A,B,160700,400
93019430,0,108875,D,B,145200,1400
93019520,0,108785,D,S,177400,800
93019520,0,514756,A,B,160500,100
93019520,0,515401,A,B,160700,100
93019520,0,515548,A,B,160700,400
93019720,0,516422,A,B,160700,100
93019720,0,516849,A,B,153000,1000
93019720,0,516868,A,B,158500,700
93019720,0,517429,A,B,161100,1300
93019720,0,517511,A,S,165900,100
93019890,0,518168,A,B,160700,200
93019890,0,518194,A,B,160700,200
93019990,0,518669,A,B,161000,1100
93019990,0,519301,A,B,149600,100
93020120,0,519749,A,B,160700,300
93020120,0,519798,A,B,161000,200
93020190,0,520319,A,S,164500,200
93020190,0,520529,A,B,160400,400
93020190,0,520632,A,B,160700,200
93020240,0,520760,A,S,171900,100
93020240,0,401007,D,B,160000,100
93020240,0,520879,A,B,158000,300
93020290,0,521441,A,B,160900,600
93020400,0,521951,A,B,161200,200
93020400,0,521972,A,B,161200,600
93020400,0,521973,A,B,161200,100
93020400,0,522070,A,S,161200,400
93020400,0,401673,D,B,160100,400
93020400,0,522113,A,B,161100,1200
93020460,0,522297,A,B,160700,2800
93020550,0,522789,A,B,161000,100
93020600,0,522902,A,S,177400,100
93020600,0,523172,A,B,160100,700
93020600,0,523264,A,B,155000,500
93020640,0,523450,A,B,150500,600
93020640,0,523460,A,S,161000,700
93020640,0,523474,A,S,161000,1100
93020640,0,523480,A,B,160700,600
93020680,0,523829,A,S,175100,300
93020680,0,523830,A,B,159600,400
93020710,0,524082,A,S,170200,400
93020740,0,524177,A,B,160800,100
93020740,0,524325,A,B,160000,1000
93020930,0,525342,A,B,161000,300
93021250,0,526978,A,B,160700,800
93021250,0,356986,D,B,159400,300
93021280,0,527365,A,B,160700,300
93021310,0,527655,A,B,160700,800
93021310,0,527656,A,B,160700,600
93021310,0,527660,A,B,160700,700
93021310,0,527664,A,B,160700,500
93021350,0,527702,A,B,161000,100
93021390,0,527851,A,B,160700,200
93021410,0,419564,D,B,160200,100
93021410,0,528181,A,B,161000,200
93021460,0,528341,A,B,160700,600
93021460,0,528342,A,B,160700,500
93021470,0,528418,A,B,157500,100
93021590,0,529181,A,S,161100,3700
93021630,0,529263,A,B,159900,2600
93021690,0,529701,A,S,164800,1000
93021790,0,530170,A,B,157600,5000
93021820,0,530507,A,B,161000,100
93022140,0,532339,A,B,160200,800
93022170,0,532408,A,B,157500,100
93022170,0,532419,A,B,160700,2200
93022500,0,380244,D,B,160000,100
93022580,0,439071,D,B,160100,100
93022690,0,535205,A,B,156500,100
93022690,0,535294,A,B,160700,200
93022860,0,471903,D,B,160300,1600
93022990,0,536790,A,B,161000,400
93023050,0,537161,A,B,160700,1500
93023050,0,537186,A,B,160700,200
93023070,0,537340,A,B,155500,100
93023200,0,537950,A,B,160700,200
93023240,0,538087,A,B,160900,300
93023240,0,538245,A,S,163500,100
93023280,0,538460,A,B,160700,100
93023340,0,538603,A,B,160700,7100
93023460,0,539262,A,S,160900,100
93023460,0,539263,A,S,160900,800
93023460,0,539264,A,S,160900,800
93023460,0,539265,A,S,160900,3000
93023460,0,539269,A,S,160900,2400
93023460,0,539272,A,S,160900,100
93023460,0,539273,A,S,160900,800
93023550,0,539776,A,S,163200,300
93023580,0,539936,A,B,160400,600
93023710,0,540599,A,S,162800,1000
93023710,0,540601,A,B,154500,100
93023710,0,540694,A,B,160700,400
93023780,0,540851,A,B,160700,500
93023910,0,541568,A,B,149200,100
93023970,0,541914,A,S,177400,500
93023970,0,541957,A,B,160700,100
93024050,0,542295,A,B,160600,200
93024050,0,542355,A,B,160400,100
93024050,0,542356,A,B,160400,100
93024050,0,542364,A,B,160400,100
93024170,0,529181,D,S,161100,1800
93024270,0,543668,A,B,160700,100
93024290,0,543791,A,B,160000,400
93024290,0,543832,A,S,170000,17900
93024330,0,544081,A,B,160700,2200
93024360,0,544257,A,S,177400,500
93024500,0,544908,A,B,153000,2000
93024580,0,545331,A,B,160700,100
93024600,0,545468,A,B,160700,700
93024670,0,545853,A,B,160300,400
93024730,0,546069,A,B,160700,300
93024730,0,546076,A,S,160900,8600
93024800,0,546474,A,B,160700,300
93024800,0,546475,A,B,160700,400
93024810,0,546593,A,B,153500,200
93024920,0,546792,A,B,160700,200
93024950,0,547170,A,B,160700,100
93024950,0,547248,A,B,160700,300
93024970,0,547393,A,B,160700,100
93025060,0,547775,A,B,160700,400
93025090,0,547819,A,B,160700,400
93025090,0,547820,A,B,160700,300
93025110,0,548017,A,B,153100,4400
93025350,0,549184,A,B,160700,100
93025350,0,549220,A,B,160700,400
93025370,0,549378,A,B,160800,200
93025500,0,549974,A,S,161100,600
93025500,0,550018,A,B,160000,600
93025520,0,550244,A,B,160700,200
93025660,0,550881,A,B,160700,100
93025660,0,550901,A,B,160400,100
93025680,0,551000,A,B,160400,100
93025830,0,551827,A,B,160600,1000
93025860,0,552003,A,S,166600,20000
93025900,0,552225,A,B,160700,500
93025940,0,552268,A,S,162700,100
93025940,0,490725,D,B,160500,100
93025980,0,552485,A,B,160600,900
93026000,0,552611,A,B,160700,100
93026000,0,490727,D,B,160500,100
93026000,0,552779,A,B,160700,1300
93026080,0,553055,A,B,160700,300
93026110,0,553116,A,B,159000,100
93026130,0,553270,A,B,160700,1300
93026130,0,553359,A,B,148000,100
93026420,0,486905,D,B,160400,1100
93026450,0,555216,A,B,160700,100
93026450,0,555294,A,B,160800,100
93026600,0,556075,A,S,175000,300
93026620,0,556167,A,S,166000,100
93026620,0,556185,A,B,160600,800
93026740,0,557065,A,S,177000,100
93026780,0,557083,A,S,162200,300
93026840,0,557440,A,B,150000,2000
93026960,0,558121,A,B,160900,400
93026980,0,369224,D,B,160100,7700
93027000,0,558215,A,S,172300,600
93027130,0,558985,A,B,160500,100
93027260,0,559756,A,S,161000,100
93027260,0,559757,A,S,161000,200
93027260,0,468434,D,B,160300,200
93027320,0,560141,A,S,161000,100
93027320,0,560143,A,B,160700,300
93027340,0,560294,A,B,160700,400
93027370,0,560314,A,S,161200,700
93027470,0,560828,A,B,160700,900
93027520,0,561197,A,B,161000,300
93027620,0,561681,A,B,161200,500
93027800,0,562482,A,B,160000,500
93027800,0,562529,A,B,160700,400
93027990,0,563548,A,B,160800,200
93028070,0,474330,D,B,160400,100
93028070,0,514756,D,B,160500,100
93028070,0,564151,A,B,160400,100
93028170,0,564742,A,S,172000,500
93028260,0,486388,D,B,160500,400
93028300,0,565270,A,B,160700,2800
93028320,0,565463,A,B,160700,2700
93028340,0,565559,A,B,160700,2800
93028380,0,565825,A,B,160700,300
93028430,0,566026,A,B,161000,300
93028500,0,566336,A,B,161000,700
93028500,0,566383,A,B,161000,500
93028530,0,566652,A,B,156800,100
93028570,0,566853,A,B,155000,300
93028630,0,567194,A,B,160700,200
93028690,0,567594,A,B,161200,300
93028690,0,567621,A,S,165000,2000
93028890,0,425385,D,B,160100,100
93028890,0,568556,A,B,161100,1600
93028990,0,569012,A,B,160300,100
93029130,0,480079,D,B,160300,100
93029220,0,570195,A,B,160700,600
93029330,0,570736,A,B,160700,700
93029330,0,570760,A,B,161000,300
93029350,0,570978,A,S,161000,3700
93029350,0,570979,A,S,161100,100
93029350,0,570980,A,S,161100,600
93029350,0,570981,A,S,161100,400
93029350,0,570982,A,S,161100,300
93029350,0,570983,A,S,161100,800
93029350,0,570984,A,S,161100,200
93029350,0,570985,A,S,161100,400
93029350,0,570986,A,S,161100,500
93029350,0,571007,A,S,161100,400
93029380,0,571105,A,S,161100,500
93029380,0,571118,A,S,161100,400
93029410,0,571249,A,B,160900,1700
93029520,0,538603,D,B,160700,1100
93029520,0,571869,A,S,177400,300
93029750,0,573069,A,S,161100,900
93029840,0,573656,A,S,161100,1100
93029940,0,430350,D,B,159800,100
93029960,0,449917,D,B,160100,200
93030000,0,574584,A,S,177400,11100
93030250,0,413928,D,S,165000,200
93030300,0,576305,A,S,169000,300
93030430,0,576942,A,B,160500,700
93030560,0,577524,A,B,160700,100
93030640,0,578116,A,S,171800,2000
93030670,0,578235,A,S,177400,100
93030690,0,463811,D,B,150000,300
93030730,0,578474,A,S,161100,1100
93030730,0,499355,D,B,159000,2000
93030730,0,578612,A,B,161000,33900
93030870,0,579441,A,B,160700,100
93030890,0,579547,A,B,160700,200
93031050,0,580294,A,B,160700,600
93031050,0,580454,A,B,160700,300
93031100,0,580710,A,S,161100,1200
93031210,0,581283,A,B,160000,2000
93031270,0,581491,A,B,160700,500
93031270,0,581606,A,S,165800,500
93031300,0,581797,A,S,161200,2900
93031320,0,581930,A,B,161000,200
93031400,0,562529,D,B,160700,400
93031490,0,582924,A,B,160700,200
93031490,0,582928,A,S,176000,300
93031640,0,583699,A,B,160900,500
93031680,0,583914,A,B,160700,100
93031730,0,584224,A,S,161100,100
93031810,0,584625,A,B,161000,200
93031810,0,584660,A,S,161300,100
93031870,0,584988,A,S,161200,300
93031960,0,585433,A,B,158000,100
93031960,0,585533,A,S,162600,2100
93032020,0,585700,A,B,160700,100
93032070,0,585802,A,B,156100,100
93032090,0,586118,A,S,161100,100
93032220,0,586720,A,S,161100,600
93032300,0,587196,A,B,160700,500
93032370,0,587495,A,B,160700,400
93032370,0,587702,A,B,160700,400
93032400,0,587748,A,B,161000,200
93032440,0,587965,A,S,163600,500
93032680,0,589293,A,B,161000,2100
93032680,0,589393,A,B,160300,700
93032780,0,589825,A,B,160700,100
93032850,0,590406,A,B,160700,700
93032940,0,590947,A,B,150000,600
93033090,0,591762,A,B,160000,1000
93033130,0,592037,A,B,160000,200
93033280,0,592781,A,S,168700,500
93033310,0,407470,D,B,160100,400
93033550,0,594232,A,S,161100,100
93033550,0,594241,A,B,160700,400
93033570,0,594434,A,S,161100,1000
93033630,0,594706,A,B,160800,2000
93033840,0,595906,A,B,160600,1700
93033840,0,566853,D,B,155000,300
93033940,0,596457,A,B,160300,300
93033970,0,596699,A,B,161000,3000
93034000,0,596746,A,B,160000,500
93034020,0,578474,D,S,161100,800
93034100,0,597351,A,B,161000,200
93034260,0,598180,A,B,160500,100
93034280,0,494526,D,B,160300,100
93034330,0,598598,A,B,161000,300
93034410,0,598996,A,B,161000,300
93034480,0,599416,A,B,156800,1000
93034500,0,599526,A,B,160700,1700
93034550,0,599859,A,B,160800,100
93034610,0,600201,A,B,160700,500
93034650,0,560294,D,B,160700,400
93034830,0,586118,D,S,161100,100
93034830,0,601290,A,B,161000,200
93034890,0,601687,A,B,160800,100
93034930,0,601931,A,B,160700,200
93034930,0,601976,A,B,160800,100
93035060,0,602602,A,B,160700,100
93035120,0,602782,A,B,160700,100
93035120,0,602813,A,S,163800,400
93035120,0,512261,D,B,160500,2700
93035120,0,602856,A,B,158000,300
93035120,0,602920,A,B,160800,100
93035190,0,603201,A,B,160700,300
93035260,0,603419,A,B,161000,300
93035280,0,603649,A,B,160700,900
93035350,0,604112,A,B,160700,200
93035440,0,604332,A,S,161100,100
93035470,0,604478,A,B,160200,100
93035510,0,604846,A,S,176000,500
93035530,0,604946,A,B,160700,300
93035550,0,605062,A,B,159100,2000
93035640,0,605520,A,B,160500,300
93035700,0,605940,A,S,161100,300
93035840,0,364322,D,B,160000,1400
93035900,0,607021,A,S,161100,800
93035980,0,607459,A,B,160800,400
93036110,0,607936,A,B,160700,300
93036150,0,608274,A,B,160800,200
93036240,0,608740,A,S,161100,1000
93036310,0,609196,A,B,158000,2000
93036570,0,610674,A,S,170000,300
93036570,0,596457,D,B,160300,300
93036580,0,610771,A,B,160800,200
93036610,0,600201,D,B,160700,500
93036610,0,610857,A,B,160700,200
93036610,0,539936,D,B,160400,600
93036610,0,610986,A,B,160600,200
93036610,0,611018,A,S,177400,600
93036610,0,611032,A,B,160200,100
93036650,0,611169,A,B,160700,100
93036910,0,543791,D,B,160000,400
93036910,0,612409,A,B,161000,700
93036990,0,603419,D,B,161000,300
93037030,0,215176,D,B,153300,300
93037060,0,613174,A,S,162900,2100
93037070,0,613445,A,B,160700,100
93037070,0,511917,D,B,160300,100
93037090,0,613528,A,B,161000,600
93037170,0,613908,A,S,161100,100
93037290,0,614555,A,B,160700,500
93037340,0,614639,A,B,161000,100
93037340,0,471833,D,B,160300,100
93037520,0,594434,D,S,161100,1000
93037570,0,615937,A,S,177400,1000
93037650,0,616282,A,S,161100,100
93037650,0,616353,A,S,161100,100
93037650,0,616373,A,S,161100,400
93037700,0,616609,A,S,161100,400
93038120,0,618772,A,B,160800,2300
93038230,0,619330,A,B,161000,200
93038380,0,620186,A,S,161000,1200
93038380,0,620188,A,S,161000,500
93038380,0,620201,A,S,160900,5500
93038380,0,486904,D,B,160400,800
93038380,0,620203,A,S,161000,500
93038380,0,620204,A,S,161000,300
93038380,0,620207,A,S,161000,100
93038380,0,620212,A,S,160900,100
93038380,0,620213,A,S,160900,100
93038380,0,620214,A,S,160900,100
93038380,0,620215,A,S,160900,200
93038380,0,620216,A,S,160900,200
93038380,0,620217,A,S,160900,300
93038380,0,620218,A,S,160900,200
93038380,0,620219,A,S,161000,100
93038380,0,620220,A,S,160900,200
93038380,0,620221,A,S,160900,300
93038380,0,620222,A,S,160900,200
93038380,0,620223,A,S,160900,100
93038380,0,620224,A,S,160900,100
93038380,0,620225,A,S,160900,100
93038380,0,620227,A,S,160900,5500
93038380,0,620243,A,S,161000,100
93038460,0,620605,A,B,160700,400
93038530,0,620871,A,S,161000,700
93038530,0,620970,A,S,170000,1000
93038570,0,621066,A,S,160900,1100
93038600,0,621294,A,S,161000,100
93038640,0,621497,A,S,164800,2200
93038660,0,403643,D,B,159000,500
93038730,0,622062,A,S,161100,300
93038870,0,622513,A,B,160800,100
93038900,0,622798,A,S,168000,500
93038960,0,547819,D,B,160700,300
93039020,0,608740,D,S,161100,1000
93039090,0,623718,A,B,160400,100
93039090,0,246329,D,S,162800,600
93039120,0,623901,A,S,161000,400
93039500,0,626056,A,S,167500,3000
93039580,0,552485,D,B,160600,900
93039760,0,627317,A,B,160700,100
93039760,0,556185,D,B,160600,800
93039790,0,627536,A,S,161000,100
93039870,0,627888,A,S,161000,200
93039870,0,627936,A,S,161000,200
93039870,0,627954,A,S,161000,200
93039950,0,628315,A,S,161000,200
93040040,0,628927,A,B,160800,200
93040120,0,551827,D,B,160600,1000
93040200,0,629795,A,S,161000,4500
93040210,0,629825,A,S,161000,400
93040330,0,215170,D,B,153300,300
93040330,0,498775,D,B,160100,100
93040510,0,631245,A,B,158100,800
93040570,0,631568,A,B,152000,1100
93040690,0,583914,D,B,160700,100
93040740,0,621294,D,S,161000,100
93040740,0,620207,D,S,161000,100
93040880,0,620186,D,S,161000,1200
93040910,0,633437,A,B,159200,300
93040970,0,633896,A,B,153100,1000
93040970,0,633925,A,B,160700,600
93041020,0,634078,A,S,161000,900
93041020,0,223428,D,S,164300,100
93041020,0,634122,A,B,160800,300
93041230,0,567194,D,B,160700,200
93041270,0,622062,D,S,161100,300
93041320,0,542295,D,B,160600,200
93041340,0,635904,A,S,161000,200
93041360,0,636005,A,S,161200,800
93041360,0,620227,D,S,160900,4600
93041360,0,620188,D,S,161000,500
93041360,0,620219,D,S,161000,100
93041360,0,620203,D,S,161000,500
93041360,0,620204,D,S,161000,300
93041380,0,620243,D,S,161000,100
93041420,0,636100,A,B,160600,300
93041670,0,637415,A,B,160000,300
93041750,0,616282,D,S,161100,100
93041810,0,616353,D,S,161100,100
93041810,0,616609,D,S,161100,400
93041830,0,616373,D,S,161100,400
93041960,0,639019,A,B,160700,500
93041980,0,639160,A,S,161000,100
93042070,0,639569,A,S,160900,100
93042070,0,639572,A,S,160800,6500
93042120,0,639907,A,S,161300,600
93042180,0,640290,A,B,160700,600
93042220,0,640596,A,S,160800,2000
93042220,0,640607,A,B,160500,400
93042460,0,641738,A,S,160800,2400
93042460,0,641942,A,S,160800,7200
93042540,0,456470,D,S,163000,200
93042580,0,642380,A,S,160800,900
93042620,0,348405,D,B,159900,100
93042670,0,610986,D,B,160600,200
93042670,0,643158,A,S,161000,200
93042760,0,643561,A,S,160800,1800
93042890,0,644204,A,S,161000,400
93042890,0,644219,A,S,161000,5000
93043080,0,645247,A,S,161000,400
93043080,0,645249,A,S,160800,1800
93043130,0,645457,A,S,160900,100
93043250,0,645965,A,B,155000,100
93043300,0,582924,D,B,160700,200
93043340,0,646447,A,S,161100,100
93043500,0,647156,A,B,160700,300
93043600,0,647876,A,B,160600,200
93043760,0,627954,D,S,161000,200
93043890,0,628315,D,S,161000,200
93043890,0,627936,D,S,161000,100
93043920,0,649568,A,S,168000,500
93043990,0,649830,A,S,161000,1400
93044280,0,651274,A,S,161100,200
93044320,0,651385,A,B,160700,500
93044320,0,651417,A,S,160900,100
93044320,0,651477,A,B,160700,900
93044320,0,651495,A,S,161200,200
93044340,0,388804,D,B,155000,100
93044340,0,651559,A,B,160700,100
93044380,0,651882,A,S,160700,200
93044380,0,651884,A,S,160700,200
93044380,0,651888,A,S,160700,1000
93044380,0,651893,A,S,160700,100
93044380,0,651896,A,S,160700,100
93044380,0,651897,A,S,160700,1100
93044380,0,651898,A,S,160700,1500
93044380,0,651907,A,S,160700,400
93044380,0,651909,A,S,160700,300
93044380,0,651937,A,S,174900,1000
93044380,0,651939,A,S,160700,100
93044400,0,651993,A,S,160700,900
93044490,0,652082,A,S,160700,400
93044500,0,652318,A,S,165000,3000
93044540,0,652583,A,S,161100,100
93044730,0,629825,D,S,161000,400
93044750,0,635904,D,S,161000,200
93044870,0,654176,A,B,160200,44100
93044890,0,654380,A,S,160700,200
93044920,0,654535,A,S,161000,300
93044960,0,654645,A,S,160700,300
93044980,0,654861,A,S,160700,300
93045030,0,655058,A,S,160700,2900
93045110,0,655577,A,S,160700,8600
93045130,0,655700,A,S,161000,1100
93045160,0,655821,A,S,160700,700
93045160,0,655822,A,S,160700,700
93045250,0,298714,D,B,159900,1000
93045370,0,656956,A,S,160700,8600
93045370,0,605520,D,B,160500,300
93045410,0,657155,A,B,159000,100
93045480,0,629795,D,S,161000,4500
93045640,0,658341,A,B,157000,100
93045670,0,658452,A,S,169900,700
93045840,0,659495,A,S,161100,300
93045870,0,659688,A,S,161000,20300
93046020,0,660480,A,S,160700,200
93046020,0,660482,A,S,160700,100
93046190,0,661347,A,S,161000,1000
93046190,0,661426,A,S,160700,700
93046680,0,644219,D,S,161000,5000
93046720,0,664176,A,S,161100,400
93046740,0,664260,A,S,161100,200
93046880,0,664843,A,S,161000,2300
93047020,0,665485,A,S,161000,15400
93047050,0,665822,A,S,160900,300
93047140,0,645247,D,S,161000,400
93047160,0,643158,D,S,161000,200
93047230,0,654535,D,S,161000,300
93047230,0,666631,A,S,160700,1000
93047270,0,666806,A,S,160700,300
93047390,0,667504,A,S,160700,100
93047390,0,667516,A,S,160500,3700
93047390,0,667599,A,S,160500,700
93047390,0,666806,D,S,160700,300
93047410,0,667648,A,S,160500,600
93047410,0,667651,A,S,160500,400
93047410,0,667652,A,S,160500,400
93047410,0,667656,A,S,160500,700
93047410,0,667677,A,S,160300,1300
93047470,0,668124,A,S,160700,100
93047490,0,668154,A,S,160700,200
93047510,0,668275,A,S,160500,700
93047550,0,668410,A,B,160100,100
93047590,0,668671,A,S,161100,100
93047630,0,668740,A,S,160600,1000
93047630,0,644204,D,S,161000,400
93047850,0,669941,A,B,160100,300
93048000,0,670783,A,S,160700,100
93048030,0,634078,D,S,161000,900
93048100,0,649830,D,S,161000,1400
93048130,0,671590,A,S,160700,400
93048130,0,671675,A,B,160000,1000
93048300,0,672847,A,S,160900,1000
93048510,0,674008,A,S,160600,400
93048580,0,651274,D,S,161100,200
93048660,0,674612,A,S,160700,2400
93048660,0,674645,A,S,160700,8600
93048660,0,674672,A,S,160700,8600
93048660,0,659495,D,S,161100,300
93048770,0,675271,A,S,160700,100
93049220,0,677776,A,B,148000,1000
93049350,0,678241,A,S,160500,200
93049350,0,664176,D,S,161100,400
93049430,0,678765,A,B,159300,600
93049510,0,679189,A,S,160700,5000
93049570,0,679492,A,S,160500,500
93049730,0,680350,A,S,161000,14800
93049800,0,680596,A,S,160500,700
93050030,0,661347,D,S,161000,1000
93050030,0,681786,A,S,160600,1000
93050250,0,682848,A,S,160700,200
93050420,0,656956,D,S,160700,8600
93050420,0,574584,D,S,177400,11100
93050420,0,667656,D,S,160500,700
93050420,0,667651,D,S,160500,400
93050460,0,683802,A,S,160200,1000
93050460,0,641942,D,S,160800,7200
93050460,0,641738,D,S,160800,2400
93050460,0,642380,D,S,160800,900
93050460,0,643561,D,S,160800,1800
93050460,0,639572,D,S,160800,2100
93050460,0,640596,D,S,160800,2000
93050460,0,664843,D,S,161000,2300
93050460,0,665485,D,S,161000,15400
93050460,0,683849,A,S,160900,2000
93050500,0,668275,D,S,160500,700
93050500,0,684117,A,S,160700,100
93050500,0,207443,D,B,155000,1000
93050540,0,664260,D,S,161100,200
93050580,0,684585,A,S,161000,100
93050600,0,684711,A,S,160500,700
93050640,0,684733,A,S,160700,100
93050640,0,684759,A,S,160500,700
93050640,0,645249,D,S,160800,1800
93050640,0,684864,A,S,160800,200
93050820,0,685651,A,S,160200,900
93050890,0,686160,A,B,159000,100
93051010,0,686793,A,S,160200,900
93051230,0,687758,A,S,167300,500
93051290,0,688165,A,S,160400,300
93051470,0,689040,A,S,160200,2600
93051470,0,689044,A,B,160100,100
93051470,0,424339,D,B,159900,300
93051580,0,689758,A,S,161100,800
93051580,0,689760,A,S,161100,400
93051580,0,689790,A,S,161100,300
93051580,0,689791,A,S,161100,300
93051580,0,689802,A,S,168000,15000
93051630,0,690043,A,S,160200,100
93051670,0,690183,A,S,160700,300
93051670,0,671590,D,S,160700,400
93051820,0,690901,A,S,160400,200
93051860,0,691126,A,S,161100,500
93051860,0,69953,D,S,177300,200
93051890,0,639907,D,S,161300,600
93051890,0,691236,A,S,161100,300
93051930,0,691306,A,S,161000,200
93052010,0,674612,D,S,160700,2400
93052010,0,655058,D,S,160700,800
93052070,0,692159,A,S,160200,500
93052100,0,692333,A,S,161100,100
93052200,0,692873,A,S,160700,4000
93052240,0,693001,A,S,160500,700
93052240,0,655700,D,S,161000,1100
93052280,0,684117,D,S,160700,100
93052280,0,670783,D,S,160700,100
93052430,0,693923,A,S,160500,900
93052680,0,695177,A,S,160200,700
93052830,0,696088,A,S,160200,5700
93052860,0,696144,A,S,160200,32800
93052860,0,696151,A,S,160400,2300
93052910,0,696406,A,S,169700,1000
93052910,0,682848,D,S,160700,200
93052960,0,645457,D,S,160900,100
93053020,0,660482,D,S,160700,100
93053020,0,660480,D,S,160700,200
93053180,0,697703,A,S,160700,2100
93053390,0,698884,A,S,160700,2100
93053390,0,698905,A,S,160100,100
93053390,0,668154,D,S,160700,200
93053390,0,698911,A,S,160100,700
93053390,0,698914,A,S,160100,100
93053390,0,698915,A,S,160100,100
93053390,0,698916,A,S,160100,100
93053390,0,698918,A,S,160100,600
93053390,0,655822,D,S,160700,700
93053390,0,655821,D,S,160700,700
93053390,0,698919,A,S,160100,100
93053390,0,698993,A,S,160100,700
93053410,0,699040,A,S,160100,100
93053500,0,699414,A,S,160100,300
93053500,0,699495,A,S,160100,100
93053580,0,680596,D,S,160500,400
93053580,0,699940,A,S,160200,1100
93053600,0,700076,A,S,167900,500
93053900,0,701700,A,S,160100,300
93053900,0,701734,A,S,160100,100
93053930,0,697703,D,S,160700,2100
93054030,0,684864,D,S,160800,200
93054030,0,702319,A,S,160100,200
93054030,0,702327,A,S,160100,100
93054080,0,689758,D,S,161100,800
93054080,0,689760,D,S,161100,400
93054080,0,689790,D,S,161100,300
93054210,0,592037,D,B,160000,200
93054250,0,689791,D,S,161100,300
93054320,0,691236,D,S,161100,300
93054360,0,205793,D,B,150000,200
93054470,0,704661,A,S,161100,800
93054510,0,692873,D,S,160700,4000
93054510,0,704882,A,S,160100,200
93054510,0,704914,A,S,160100,100
93054550,0,704928,A,S,160200,100
93054730,0,680350,D,S,161000,14800
93054820,0,706529,A,B,160100,100
93054940,0,706907,A,B,159100,1200
93054980,0,707320,A,S,160100,100
93054980,0,707459,A,S,160500,200
93055020,0,707603,A,S,160100,400
93055020,0,707610,A,S,160100,300
93055130,0,708063,A,S,160100,100
93055150,0,708220,A,S,161100,100
93055640,0,710653,A,S,161100,200
93055660,0,710736,A,S,160100,1300
93055860,0,696144,D,S,160200,32800
93055910,0,711887,A,S,171900,200
93056080,0,712950,A,S,160700,1000
93056180,0,693001,D,S,160500,700
93056360,0,639569,D,S,160900,100
93056400,0,714196,A,B,160100,900
93056400,0,714198,A,B,160100,7200
93056400,0,714199,A,B,160100,6500
93056400,0,714201,A,B,160100,900
93056400,0,714202,A,B,160100,2400
93056400,0,714203,A,B,160100,1800
93056400,0,714204,A,B,160100,2000
93056400,0,714243,A,B,160100,1400
93056400,0,714244,A,B,160100,500
93056400,0,714245,A,B,160100,1400
93056400,0,714251,A,B,160100,1000
93056400,0,714259,A,B,160100,200
93056400,0,714260,A,B,160100,700
93056400,0,714261,A,B,160100,800
93056400,0,714301,A,S,160900,1200
93056400,0,714362,A,B,160100,200
93056400,0,714364,A,B,160100,1300
93056420,0,714421,A,S,161000,1700
93056590,0,679189,D,S,160700,5000
93056620,0,715296,A,S,161800,500
93056640,0,715492,A,S,160900,800
93056670,0,672847,D,S,160900,1000
93056710,0,715905,A,B,160100,400
93056770,0,511284,D,B,155000,500
93057080,0,717541,A,S,160200,2000
93057120,0,717724,A,B,160100,1800
93057200,0,718010,A,B,160100,600
93057320,0,607021,D,S,161100,800
93057610,0,720009,A,B,160000,200
93057670,0,720235,A,S,160800,1500
93057750,0,720697,A,B,160000,900
93057840,0,721046,A,B,160100,1400
93057880,0,721141,A,B,155000,100
93057880,0,721144,A,B,160100,800
93058020,0,721886,A,B,160100,800
93058020,0,721913,A,B,160300,700
93058020,0,721919,A,B,160100,400
93058020,0,721952,A,B,160100,900
93058020,0,721953,A,B,160300,1400
93058020,0,721991,A,B,160100,600
93058020,0,721992,A,B,160100,500
93058020,0,721996,A,B,160100,200
93058300,0,723193,A,S,160200,600
93058400,0,723650,A,B,160100,300
93058420,0,714421,D,S,161000,1700
93058530,0,724297,A,S,161000,600
93058560,0,724407,A,S,167600,100
93058800,0,725501,A,B,160100,100
93058900,0,726016,A,S,160700,200
93058900,0,726036,A,S,161100,100
93059000,0,726341,A,B,160200,1000
93059140,0,691306,D,S,161000,200
93059210,0,727222,A,S,160800,100
93059270,0,727621,A,B,160000,200
93059380,0,727970,A,S,160500,100
93059460,0,684711,D,S,160500,700
93059460,0,728331,A,B,160400,300
93059460,0,728356,A,B,160300,100
93059460,0,728360,A,B,160400,100
93059460,0,728361,A,B,160400,100
93059460,0,728362,A,B,160400,100
93059460,0,728364,A,B,160300,2000
93059470,0,728376,A,B,160300,100
93059470,0,728453,A,B,160400,100
93059470,0,728483,A,S,161000,500
93059530,0,728560,A,B,160400,100
93059530,0,728564,A,B,160500,300
93059530,0,728567,A,B,160400,500
93059530,0,728583,A,B,160400,400
93059720,0,729503,A,B,160600,400
93059720,0,729617,A,B,160400,100
93059870,0,730244,A,B,160500,300
